==> Image analyzers:latest already present (use -r/--rebuild to force)
==> Cloning go-gin (shallow)
==> [go-gin] tokei
       -> /Users/pp123/Desktop/proj/sync/multi-tool/artifacts/go-gin/tokei/
==> [go-gin] scc
       -> /Users/pp123/Desktop/proj/sync/multi-tool/artifacts/go-gin/scc/
==> [go-gin] repomix
       -> /Users/pp123/Desktop/proj/sync/multi-tool/artifacts/go-gin/repomix/
==> [go-gin] gitingest
       -> /Users/pp123/Desktop/proj/sync/multi-tool/artifacts/go-gin/gitingest/
==> [go-gin] files-to-prompt
       -> /Users/pp123/Desktop/proj/sync/multi-tool/artifacts/go-gin/files-to-prompt/
==> Cloning gin (shallow)
==> [gin] tokei
       -> /Users/pp123/Desktop/proj/sync/multi-tool/artifacts/gin/tokei/
==> [gin] scc
       -> /Users/pp123/Desktop/proj/sync/multi-tool/artifacts/gin/scc/
==> [gin] repomix
       -> /Users/pp123/Desktop/proj/sync/multi-tool/artifacts/gin/repomix/
==> [gin] gitingest
       -> /Users/pp123/Desktop/proj/sync/multi-tool/artifacts/gin/gitingest/
==> [gin] files-to-prompt
       -> /Users/pp123/Desktop/proj/sync/multi-tool/artifacts/gin/files-to-prompt/
==> Cloning go-mux (shallow)
==> [go-mux] tokei
       -> /Users/pp123/Desktop/proj/sync/multi-tool/artifacts/go-mux/tokei/
==> [go-mux] scc
       -> /Users/pp123/Desktop/proj/sync/multi-tool/artifacts/go-mux/scc/
==> [go-mux] repomix
       -> /Users/pp123/Desktop/proj/sync/multi-tool/artifacts/go-mux/repomix/
==> [go-mux] gitingest
       -> /Users/pp123/Desktop/proj/sync/multi-tool/artifacts/go-mux/gitingest/
==> [go-mux] files-to-prompt
       -> /Users/pp123/Desktop/proj/sync/multi-tool/artifacts/go-mux/files-to-prompt/
==> Cloning java-gson (shallow)
==> [java-gson] tokei
       -> /Users/pp123/Desktop/proj/sync/multi-tool/artifacts/java-gson/tokei/
==> [java-gson] scc
       -> /Users/pp123/Desktop/proj/sync/multi-tool/artifacts/java-gson/scc/
==> [java-gson] repomix
       -> /Users/pp123/Desktop/proj/sync/multi-tool/artifacts/java-gson/repomix/
==> [java-gson] gitingest
       -> /Users/pp123/Desktop/proj/sync/multi-tool/artifacts/java-gson/gitingest/
==> [java-gson] files-to-prompt
Warning: Skipping file /repo/apache-maven-3.9.6-bin.tar.gz due to UnicodeDecodeError
Warning: Skipping file /repo/metrics/src/main/resources/ParseBenchmarkData.zip due to UnicodeDecodeError
       -> /Users/pp123/Desktop/proj/sync/multi-tool/artifacts/java-gson/files-to-prompt/
==> Cloning java-springboot (shallow)
==> [java-springboot] tokei
       -> /Users/pp123/Desktop/proj/sync/multi-tool/artifacts/java-springboot/tokei/
==> [java-springboot] scc
       -> /Users/pp123/Desktop/proj/sync/multi-tool/artifacts/java-springboot/scc/
==> [java-springboot] repomix
       -> /Users/pp123/Desktop/proj/sync/multi-tool/artifacts/java-springboot/repomix/
==> [java-springboot] gitingest
       -> /Users/pp123/Desktop/proj/sync/multi-tool/artifacts/java-springboot/gitingest/
==> [java-springboot] files-to-prompt
Warning: Skipping file /repo/buildpack/spring-boot-buildpack-platform/src/test/resources/org/springframework/boot/buildpack/platform/docker/export-docker-desktop-containerd-alt-mediatype.tar due to UnicodeDecodeError
Warning: Skipping file /repo/buildpack/spring-boot-buildpack-platform/src/test/resources/org/springframework/boot/buildpack/platform/docker/export-docker-desktop-containerd-manifest-list.tar due to UnicodeDecodeError
Warning: Skipping file /repo/buildpack/spring-boot-buildpack-platform/src/test/resources/org/springframework/boot/buildpack/platform/docker/export-docker-desktop-containerd.tar due to UnicodeDecodeError
Warning: Skipping file /repo/documentation/spring-boot-actuator-docs/src/test/resources/test.p12 due to UnicodeDecodeError
Warning: Skipping file /repo/documentation/spring-boot-actuator-docs/src/test/resources/org/springframework/boot/actuate/docs/logging/sample.log.2021-06-15.0.gz due to UnicodeDecodeError
Warning: Skipping file /repo/core/spring-boot-autoconfigure/src/test/resources/org/springframework/boot/autoconfigure/ssl/keystore.jks due to UnicodeDecodeError
Warning: Skipping file /repo/core/spring-boot-autoconfigure/src/test/resources/org/springframework/boot/autoconfigure/ssl/keystore.pkcs12 due to UnicodeDecodeError
Warning: Skipping file /repo/core/spring-boot-autoconfigure/src/test/resources/org/springframework/boot/autoconfigure/ssl/test.jks due to UnicodeDecodeError
Warning: Skipping file /repo/core/spring-boot/src/test/resources/org/springframework/boot/ssl/jks/test.jks due to UnicodeDecodeError
Warning: Skipping file /repo/core/spring-boot/src/test/resources/org/springframework/boot/ssl/jks/test.p12 due to UnicodeDecodeError
Warning: Skipping file /repo/core/spring-boot/src/test/resources/org/springframework/boot/env/test-properties.properties due to UnicodeDecodeError
Warning: Skipping file /repo/core/spring-boot/src/test/resources/org/springframework/boot/info/keystore.jks due to UnicodeDecodeError
Warning: Skipping file /repo/core/spring-boot/src/test/resources/org/springframework/boot/info/test-expired.p12 due to UnicodeDecodeError
Warning: Skipping file /repo/core/spring-boot/src/test/resources/org/springframework/boot/info/test-not-yet-valid.p12 due to UnicodeDecodeError
Warning: Skipping file /repo/core/spring-boot/src/test/resources/org/springframework/boot/info/test.p12 due to UnicodeDecodeError
Warning: Skipping file /repo/core/spring-boot/src/test/resources/org/springframework/boot/info/truststore.jks due to UnicodeDecodeError
Warning: Skipping file /repo/core/spring-boot/src/test/resources/org/springframework/boot/info/will-expire-soon.p12 due to UnicodeDecodeError
Warning: Skipping file /repo/core/spring-boot/src/test/resources/org/springframework/boot/json/large-malformed-json.txt due to UnicodeDecodeError
Warning: Skipping file /repo/module/spring-boot-health/src/test/resources/org/springframework/boot/health/autoconfigure/application/test.jks due to UnicodeDecodeError
Warning: Skipping file /repo/module/spring-boot-rabbitmq/src/test/resources/org/springframework/boot/rabbitmq/autoconfigure/test.jks due to UnicodeDecodeError
Warning: Skipping file /repo/module/spring-boot-elasticsearch/src/test/resources/org/springframework/boot/elasticsearch/autoconfigure/test.jks due to UnicodeDecodeError
Warning: Skipping file /repo/module/spring-boot-grpc-server/src/test/resources/org/springframework/boot/grpc/server/autoconfigure/test.jks due to UnicodeDecodeError
Warning: Skipping file /repo/module/spring-boot-jetty/src/test/resources/org/springframework/boot/jetty/test.jks due to UnicodeDecodeError
Warning: Skipping file /repo/module/spring-boot-jetty/src/test/resources/org/springframework/boot/jetty/servlet/test.jks due to UnicodeDecodeError
Warning: Skipping file /repo/module/spring-boot-jetty/src/test/resources/org/springframework/boot/jetty/autoconfigure/test.jks due to UnicodeDecodeError
Warning: Skipping file /repo/module/spring-boot-jetty/src/test/resources/org/springframework/boot/jetty/autoconfigure/metrics/test.jks due to UnicodeDecodeError
Warning: Skipping file /repo/module/spring-boot-webclient/src/test/resources/org/springframework/boot/http/client/reactive/test.jks due to UnicodeDecodeError
Warning: Skipping file /repo/module/spring-boot-webclient/src/test/resources/org/springframework/boot/http/client/reactive/web/autoconfigure/test.jks due to UnicodeDecodeError
Warning: Skipping file /repo/module/spring-boot-web-server/src/test/resources/org/springframework/boot/web/server/test.jks due to UnicodeDecodeError
Warning: Skipping file /repo/module/spring-boot-web-server/src/test/resources/org/springframework/boot/web/server/test.p12 due to UnicodeDecodeError
Warning: Skipping file /repo/module/spring-boot-web-server/src/testFixtures/resources/org/springframework/boot/web/server/servlet/test.jks due to UnicodeDecodeError
Warning: Skipping file /repo/module/spring-boot-web-server/src/testFixtures/resources/org/springframework/boot/web/server/servlet/test.p12 due to UnicodeDecodeError
Warning: Skipping file /repo/module/spring-boot-web-server/src/testFixtures/resources/org/springframework/boot/web/server/reactive/test.jks due to UnicodeDecodeError
Warning: Skipping file /repo/module/spring-boot-web-server/src/testFixtures/resources/org/springframework/boot/web/server/reactive/test.p12 due to UnicodeDecodeError
Warning: Skipping file /repo/module/spring-boot-rsocket/src/test/resources/org/springframework/boot/rsocket/netty/test.jks due to UnicodeDecodeError
Warning: Skipping file /repo/module/spring-boot-rsocket/src/test/resources/org/springframework/boot/rsocket/autoconfigure/test.jks due to UnicodeDecodeError
Warning: Skipping file /repo/module/spring-boot-data-redis/src/test/resources/org/springframework/boot/data/redis/autoconfigure/test.jks due to UnicodeDecodeError
Warning: Skipping file /repo/module/spring-boot-http-client/src/test/resources/org/springframework/boot/http/client/test.jks due to UnicodeDecodeError
Warning: Skipping file /repo/module/spring-boot-http-client/src/test/resources/org/springframework/boot/http/client/reactive/test.jks due to UnicodeDecodeError
Warning: Skipping file /repo/module/spring-boot-tomcat/src/test/resources/org/springframework/boot/tomcat/test.jks due to UnicodeDecodeError
Warning: Skipping file /repo/module/spring-boot-tomcat/src/test/resources/org/springframework/boot/tomcat/servlet/test.jks due to UnicodeDecodeError
Warning: Skipping file /repo/module/spring-boot-mail/src/test/resources/org/springframework/boot/mail/autoconfigure/test.jks due to UnicodeDecodeError
Warning: Skipping file /repo/module/spring-boot-ldap/src/test/resources/org/springframework/boot/ldap/autoconfigure/embedded/test.jks due to UnicodeDecodeError
Warning: Skipping file /repo/module/spring-boot-reactor-netty/src/test/resources/org/springframework/boot/reactor/netty/test.jks due to UnicodeDecodeError
Warning: Skipping file /repo/module/spring-boot-mongodb/src/test/resources/org/springframework/boot/mongodb/autoconfigure/test.jks due to UnicodeDecodeError
Warning: Skipping file /repo/module/spring-boot-cloudfoundry/src/test/resources/org/springframework/boot/cloudfoundry/autoconfigure/actuate/endpoint/servlet/test.jks due to UnicodeDecodeError
Warning: Skipping file /repo/module/spring-boot-cloudfoundry/src/test/resources/org/springframework/boot/cloudfoundry/autoconfigure/actuate/endpoint/reactive/test.jks due to UnicodeDecodeError
Warning: Skipping file /repo/module/spring-boot-couchbase/src/test/resources/org/springframework/boot/couchbase/autoconfigure/keystore.jks due to UnicodeDecodeError
Warning: Skipping file /repo/module/spring-boot-couchbase/src/test/resources/org/springframework/boot/couchbase/autoconfigure/test.jks due to UnicodeDecodeError
Warning: Skipping file /repo/module/spring-boot-opentelemetry/src/test/resources/org/springframework/boot/opentelemetry/autoconfigure/logging/otlp/test.jks due to UnicodeDecodeError
Warning: Skipping file /repo/module/spring-boot-micrometer-tracing-opentelemetry/src/test/resources/org/springframework/boot/micrometer/tracing/opentelemetry/autoconfigure/otlp/test.jks due to UnicodeDecodeError
Warning: Skipping file /repo/module/spring-boot-micrometer-metrics/src/test/resources/org/springframework/boot/micrometer/metrics/autoconfigure/export/otlp/test.jks due to UnicodeDecodeError
Warning: Skipping file /repo/module/spring-boot-micrometer-metrics/src/test/resources/certificates/chains.p12 due to UnicodeDecodeError
Warning: Skipping file /repo/module/spring-boot-micrometer-metrics/src/test/resources/certificates/chains2.p12 due to UnicodeDecodeError
Warning: Skipping file /repo/module/spring-boot-cassandra/src/test/resources/org/springframework/boot/cassandra/autoconfigure/test.jks due to UnicodeDecodeError
Warning: Skipping file /repo/module/spring-boot-cassandra/src/dockerTest/resources/org/springframework/boot/cassandra/docker/compose/client-keystore.p12 due to UnicodeDecodeError
Warning: Skipping file /repo/module/spring-boot-cassandra/src/dockerTest/resources/org/springframework/boot/cassandra/docker/compose/client-truststore.p12 due to UnicodeDecodeError
Warning: Skipping file /repo/module/spring-boot-cassandra/src/dockerTest/resources/org/springframework/boot/cassandra/docker/compose/server-keystore.p12 due to UnicodeDecodeError
Warning: Skipping file /repo/module/spring-boot-cassandra/src/dockerTest/resources/org/springframework/boot/cassandra/docker/compose/server-truststore.p12 due to UnicodeDecodeError
Warning: Skipping file /repo/smoke-test/spring-boot-smoke-test-simple/src/main/resources/banner.jpg due to UnicodeDecodeError
Warning: Skipping file /repo/smoke-test/spring-boot-smoke-test-kafka/src/dockerTest/resources/ssl/test-ca.p12 due to UnicodeDecodeError
Warning: Skipping file /repo/smoke-test/spring-boot-smoke-test-kafka/src/dockerTest/resources/ssl/test-client.p12 due to UnicodeDecodeError
Warning: Skipping file /repo/smoke-test/spring-boot-smoke-test-kafka/src/dockerTest/resources/ssl/test-server.p12 due to UnicodeDecodeError
Warning: Skipping file /repo/smoke-test/spring-boot-smoke-test-tomcat-jsp/src/main/resources/META-INF/resources/favicon.ico due to UnicodeDecodeError
Warning: Skipping file /repo/smoke-test/spring-boot-smoke-test-tomcat-multi-connectors/src/main/resources/sample.jks due to UnicodeDecodeError
Warning: Skipping file /repo/smoke-test/spring-boot-smoke-test-data-cassandra/src/dockerTest/resources/ssl/test-ca.p12 due to UnicodeDecodeError
Warning: Skipping file /repo/smoke-test/spring-boot-smoke-test-data-cassandra/src/dockerTest/resources/ssl/test-client.p12 due to UnicodeDecodeError
Warning: Skipping file /repo/smoke-test/spring-boot-smoke-test-data-cassandra/src/dockerTest/resources/ssl/test-server.p12 due to UnicodeDecodeError
Warning: Skipping file /repo/smoke-test/spring-boot-smoke-test-web-thymeleaf/src/main/resources/static/favicon.ico due to UnicodeDecodeError
Warning: Skipping file /repo/smoke-test/spring-boot-smoke-test-jetty-ssl/src/main/resources/sample.jks due to UnicodeDecodeError
Warning: Skipping file /repo/smoke-test/spring-boot-smoke-test-autoconfigure-classic/src/main/resources/banner.jpg due to UnicodeDecodeError
Warning: Skipping file /repo/smoke-test/spring-boot-smoke-test-tomcat-ssl/src/main/resources/sample.jks due to UnicodeDecodeError
       -> /Users/pp123/Desktop/proj/sync/multi-tool/artifacts/java-springboot/files-to-prompt/
==> Cloning k8s-kubernetes (shallow)
==> [k8s-kubernetes] tokei
       -> /Users/pp123/Desktop/proj/sync/multi-tool/artifacts/k8s-kubernetes/tokei/
==> [k8s-kubernetes] scc
       -> /Users/pp123/Desktop/proj/sync/multi-tool/artifacts/k8s-kubernetes/scc/
==> [k8s-kubernetes] repomix
       -> /Users/pp123/Desktop/proj/sync/multi-tool/artifacts/k8s-kubernetes/repomix/
==> [k8s-kubernetes] gitingest
       -> /Users/pp123/Desktop/proj/sync/multi-tool/artifacts/k8s-kubernetes/gitingest/
==> [k8s-kubernetes] files-to-prompt
Warning: Skipping file /repo/staging/src/k8s.io/metrics/pkg/apis/testdata/HEAD/core.v1.Status.pb due to UnicodeDecodeError
Warning: Skipping file /repo/staging/src/k8s.io/metrics/pkg/apis/testdata/HEAD/custom.metrics.k8s.io.v1beta1.MetricValue.pb due to UnicodeDecodeError
Warning: Skipping file /repo/staging/src/k8s.io/metrics/pkg/apis/testdata/HEAD/custom.metrics.k8s.io.v1beta2.MetricValue.pb due to UnicodeDecodeError
Warning: Skipping file /repo/staging/src/k8s.io/metrics/pkg/apis/testdata/HEAD/external.metrics.k8s.io.v1beta1.ExternalMetricValue.pb due to UnicodeDecodeError
Warning: Skipping file /repo/staging/src/k8s.io/metrics/pkg/apis/testdata/HEAD/metrics.k8s.io.v1.NodeMetrics.pb due to UnicodeDecodeError
Warning: Skipping file /repo/staging/src/k8s.io/metrics/pkg/apis/testdata/HEAD/metrics.k8s.io.v1.PodMetrics.pb due to UnicodeDecodeError
Warning: Skipping file /repo/staging/src/k8s.io/metrics/pkg/apis/testdata/HEAD/metrics.k8s.io.v1alpha1.NodeMetrics.pb due to UnicodeDecodeError
Warning: Skipping file /repo/staging/src/k8s.io/metrics/pkg/apis/testdata/HEAD/metrics.k8s.io.v1alpha1.PodMetrics.pb due to UnicodeDecodeError
Warning: Skipping file /repo/staging/src/k8s.io/metrics/pkg/apis/testdata/HEAD/metrics.k8s.io.v1beta1.NodeMetrics.pb due to UnicodeDecodeError
Warning: Skipping file /repo/staging/src/k8s.io/metrics/pkg/apis/testdata/HEAD/metrics.k8s.io.v1beta1.PodMetrics.pb due to UnicodeDecodeError
Warning: Skipping file /repo/staging/src/k8s.io/metrics/pkg/apis/testdata/v1.36.0/core.v1.Status.pb due to UnicodeDecodeError
Warning: Skipping file /repo/staging/src/k8s.io/metrics/pkg/apis/testdata/v1.36.0/custom.metrics.k8s.io.v1beta1.MetricValue.pb due to UnicodeDecodeError
Warning: Skipping file /repo/staging/src/k8s.io/metrics/pkg/apis/testdata/v1.36.0/custom.metrics.k8s.io.v1beta2.MetricValue.pb due to UnicodeDecodeError
Warning: Skipping file /repo/staging/src/k8s.io/metrics/pkg/apis/testdata/v1.36.0/external.metrics.k8s.io.v1beta1.ExternalMetricValue.pb due to UnicodeDecodeError
Warning: Skipping file /repo/staging/src/k8s.io/metrics/pkg/apis/testdata/v1.36.0/metrics.k8s.io.v1alpha1.NodeMetrics.pb due to UnicodeDecodeError
Warning: Skipping file /repo/staging/src/k8s.io/metrics/pkg/apis/testdata/v1.36.0/metrics.k8s.io.v1alpha1.PodMetrics.pb due to UnicodeDecodeError
Warning: Skipping file /repo/staging/src/k8s.io/metrics/pkg/apis/testdata/v1.36.0/metrics.k8s.io.v1beta1.NodeMetrics.pb due to UnicodeDecodeError
Warning: Skipping file /repo/staging/src/k8s.io/metrics/pkg/apis/testdata/v1.36.0/metrics.k8s.io.v1beta1.PodMetrics.pb due to UnicodeDecodeError
Warning: Skipping file /repo/staging/src/k8s.io/apiextensions-apiserver/pkg/apis/testdata/HEAD/apiextensions.k8s.io.v1.ConversionReview.pb due to UnicodeDecodeError
Warning: Skipping file /repo/staging/src/k8s.io/apiextensions-apiserver/pkg/apis/testdata/HEAD/apiextensions.k8s.io.v1.CustomResourceDefinition.pb due to UnicodeDecodeError
Warning: Skipping file /repo/staging/src/k8s.io/apiextensions-apiserver/pkg/apis/testdata/HEAD/apiextensions.k8s.io.v1beta1.ConversionReview.pb due to UnicodeDecodeError
Warning: Skipping file /repo/staging/src/k8s.io/apiextensions-apiserver/pkg/apis/testdata/HEAD/apiextensions.k8s.io.v1beta1.CustomResourceDefinition.pb due to UnicodeDecodeError
Warning: Skipping file /repo/staging/src/k8s.io/sample-controller/docs/images/client-go-controller-interaction.jpeg due to UnicodeDecodeError
Warning: Skipping file /repo/staging/src/k8s.io/api/testdata/v1.33.0/admission.k8s.io.v1.AdmissionReview.pb due to UnicodeDecodeError
Warning: Skipping file /repo/staging/src/k8s.io/api/testdata/v1.33.0/admission.k8s.io.v1beta1.AdmissionReview.pb due to UnicodeDecodeError
Warning: Skipping file /repo/staging/src/k8s.io/api/testdata/v1.33.0/admissionregistration.k8s.io.v1.MutatingWebhookConfiguration.pb due to UnicodeDecodeError
Warning: Skipping file /repo/staging/src/k8s.io/api/testdata/v1.33.0/admissionregistration.k8s.io.v1.ValidatingAdmissionPolicy.pb due to UnicodeDecodeError
Warning: Skipping file /repo/staging/src/k8s.io/api/testdata/v1.33.0/admissionregistration.k8s.io.v1.ValidatingAdmissionPolicyBinding.pb due to UnicodeDecodeError
Warning: Skipping file /repo/staging/src/k8s.io/api/testdata/v1.33.0/admissionregistration.k8s.io.v1.ValidatingWebhookConfiguration.pb due to UnicodeDecodeError
Warning: Skipping file /repo/staging/src/k8s.io/api/testdata/v1.33.0/admissionregistration.k8s.io.v1alpha1.MutatingAdmissionPolicy.pb due to UnicodeDecodeError
Warning: Skipping file /repo/staging/src/k8s.io/api/testdata/v1.33.0/admissionregistration.k8s.io.v1alpha1.MutatingAdmissionPolicyBinding.pb due to UnicodeDecodeError
Warning: Skipping file /repo/staging/src/k8s.io/api/testdata/v1.33.0/admissionregistration.k8s.io.v1alpha1.ValidatingAdmissionPolicy.pb due to UnicodeDecodeError
Warning: Skipping file /repo/staging/src/k8s.io/api/testdata/v1.33.0/admissionregistration.k8s.io.v1alpha1.ValidatingAdmissionPolicyBinding.pb due to UnicodeDecodeError
Warning: Skipping file /repo/staging/src/k8s.io/api/testdata/v1.33.0/admissionregistration.k8s.io.v1beta1.MutatingWebhookConfiguration.pb due to UnicodeDecodeError
Warning: Skipping file /repo/staging/src/k8s.io/api/testdata/v1.33.0/admissionregistration.k8s.io.v1beta1.ValidatingAdmissionPolicy.pb due to UnicodeDecodeError
Warning: Skipping file /repo/staging/src/k8s.io/api/testdata/v1.33.0/admissionregistration.k8s.io.v1beta1.ValidatingAdmissionPolicyBinding.pb due to UnicodeDecodeError
Warning: Skipping file /repo/staging/src/k8s.io/api/testdata/v1.33.0/admissionregistration.k8s.io.v1beta1.ValidatingWebhookConfiguration.pb due to UnicodeDecodeError
Warning: Skipping file /repo/staging/src/k8s.io/api/testdata/v1.33.0/apidiscovery.k8s.io.v2.APIGroupDiscovery.pb due to UnicodeDecodeError
Warning: Skipping file /repo/staging/src/k8s.io/api/testdata/v1.33.0/apidiscovery.k8s.io.v2beta1.APIGroupDiscovery.pb due to UnicodeDecodeError
Warning: Skipping file /repo/staging/src/k8s.io/api/testdata/v1.33.0/apps.v1.ControllerRevision.pb due to UnicodeDecodeError
Warning: Skipping file /repo/staging/src/k8s.io/api/testdata/v1.33.0/apps.v1.DaemonSet.pb due to UnicodeDecodeError
Warning: Skipping file /repo/staging/src/k8s.io/api/testdata/v1.33.0/apps.v1.Deployment.pb due to UnicodeDecodeError
Warning: Skipping file /repo/staging/src/k8s.io/api/testdata/v1.33.0/apps.v1.ReplicaSet.pb due to UnicodeDecodeError
Warning: Skipping file /repo/staging/src/k8s.io/api/testdata/v1.33.0/apps.v1.StatefulSet.pb due to UnicodeDecodeError
Warning: Skipping file /repo/staging/src/k8s.io/api/testdata/v1.33.0/apps.v1beta1.ControllerRevision.pb due to UnicodeDecodeError
Warning: Skipping file /repo/staging/src/k8s.io/api/testdata/v1.33.0/apps.v1beta1.Deployment.pb due to UnicodeDecodeError
Warning: Skipping file /repo/staging/src/k8s.io/api/testdata/v1.33.0/apps.v1beta1.Scale.pb due to UnicodeDecodeError
Warning: Skipping file /repo/staging/src/k8s.io/api/testdata/v1.33.0/apps.v1beta1.StatefulSet.pb due to UnicodeDecodeError
Warning: Skipping file /repo/staging/src/k8s.io/api/testdata/v1.33.0/apps.v1beta2.ControllerRevision.pb due to UnicodeDecodeError
Warning: Skipping file /repo/staging/src/k8s.io/api/testdata/v1.33.0/apps.v1beta2.DaemonSet.pb due to UnicodeDecodeError
Warning: Skipping file /repo/staging/src/k8s.io/api/testdata/v1.33.0/apps.v1beta2.Deployment.pb due to UnicodeDecodeError
Warning: Skipping file /repo/staging/src/k8s.io/api/testdata/v1.33.0/apps.v1beta2.ReplicaSet.pb due to UnicodeDecodeError
Warning: Skipping file /repo/staging/src/k8s.io/api/testdata/v1.33.0/apps.v1beta2.Scale.pb due to UnicodeDecodeError
Warning: Skipping file /repo/staging/src/k8s.io/api/testdata/v1.33.0/apps.v1beta2.StatefulSet.pb due to UnicodeDecodeError
Warning: Skipping file /repo/staging/src/k8s.io/api/testdata/v1.33.0/authentication.k8s.io.v1.SelfSubjectReview.pb due to UnicodeDecodeError
Warning: Skipping file /repo/staging/src/k8s.io/api/testdata/v1.33.0/authentication.k8s.io.v1.TokenRequest.pb due to UnicodeDecodeError
Warning: Skipping file /repo/staging/src/k8s.io/api/testdata/v1.33.0/authentication.k8s.io.v1.TokenReview.pb due to UnicodeDecodeError
Warning: Skipping file /repo/staging/src/k8s.io/api/testdata/v1.33.0/authentication.k8s.io.v1beta1.SelfSubjectReview.pb due to UnicodeDecodeError
Warning: Skipping file /repo/staging/src/k8s.io/api/testdata/v1.33.0/authentication.k8s.io.v1beta1.TokenReview.pb due to UnicodeDecodeError
Warning: Skipping file /repo/staging/src/k8s.io/api/testdata/v1.33.0/authorization.k8s.io.v1.LocalSubjectAccessReview.pb due to UnicodeDecodeError
Warning: Skipping file /repo/staging/src/k8s.io/api/testdata/v1.33.0/authorization.k8s.io.v1.SelfSubjectAccessReview.pb due to UnicodeDecodeError
Warning: Skipping file /repo/staging/src/k8s.io/api/testdata/v1.33.0/authorization.k8s.io.v1.SelfSubjectRulesReview.pb due to UnicodeDecodeError
Warning: Skipping file /repo/staging/src/k8s.io/api/testdata/v1.33.0/authorization.k8s.io.v1.SubjectAccessReview.pb due to UnicodeDecodeError
Warning: Skipping file /repo/staging/src/k8s.io/api/testdata/v1.33.0/authorization.k8s.io.v1beta1.LocalSubjectAccessReview.pb due to UnicodeDecodeError
Warning: Skipping file /repo/staging/src/k8s.io/api/testdata/v1.33.0/authorization.k8s.io.v1beta1.SelfSubjectAccessReview.pb due to UnicodeDecodeError
Warning: Skipping file /repo/staging/src/k8s.io/api/testdata/v1.33.0/authorization.k8s.io.v1beta1.SelfSubjectRulesReview.pb due to UnicodeDecodeError
Warning: Skipping file /repo/staging/src/k8s.io/api/testdata/v1.33.0/authorization.k8s.io.v1beta1.SubjectAccessReview.pb due to UnicodeDecodeError
Warning: Skipping file /repo/staging/src/k8s.io/api/testdata/v1.33.0/autoscaling.v1.HorizontalPodAutoscaler.pb due to UnicodeDecodeError
Warning: Skipping file /repo/staging/src/k8s.io/api/testdata/v1.33.0/autoscaling.v1.Scale.pb due to UnicodeDecodeError
Warning: Skipping file /repo/staging/src/k8s.io/api/testdata/v1.33.0/autoscaling.v2.HorizontalPodAutoscaler.pb due to UnicodeDecodeError
Warning: Skipping file /repo/staging/src/k8s.io/api/testdata/v1.33.0/autoscaling.v2beta1.HorizontalPodAutoscaler.pb due to UnicodeDecodeError
Warning: Skipping file /repo/staging/src/k8s.io/api/testdata/v1.33.0/autoscaling.v2beta2.HorizontalPodAutoscaler.pb due to UnicodeDecodeError
Warning: Skipping file /repo/staging/src/k8s.io/api/testdata/v1.33.0/batch.v1.CronJob.pb due to UnicodeDecodeError
Warning: Skipping file /repo/staging/src/k8s.io/api/testdata/v1.33.0/batch.v1.Job.pb due to UnicodeDecodeError
Warning: Skipping file /repo/staging/src/k8s.io/api/testdata/v1.33.0/batch.v1beta1.CronJob.pb due to UnicodeDecodeError
Warning: Skipping file /repo/staging/src/k8s.io/api/testdata/v1.33.0/certificates.k8s.io.v1.CertificateSigningRequest.pb due to UnicodeDecodeError
Warning: Skipping file /repo/staging/src/k8s.io/api/testdata/v1.33.0/certificates.k8s.io.v1alpha1.ClusterTrustBundle.pb due to UnicodeDecodeError
Warning: Skipping file /repo/staging/src/k8s.io/api/testdata/v1.33.0/certificates.k8s.io.v1beta1.CertificateSigningRequest.pb due to UnicodeDecodeError
Warning: Skipping file /repo/staging/src/k8s.io/api/testdata/v1.33.0/certificates.k8s.io.v1beta1.ClusterTrustBundle.pb due to UnicodeDecodeError
Warning: Skipping file /repo/staging/src/k8s.io/api/testdata/v1.33.0/coordination.k8s.io.v1.Lease.pb due to UnicodeDecodeError
Warning: Skipping file /repo/staging/src/k8s.io/api/testdata/v1.33.0/coordination.k8s.io.v1alpha2.LeaseCandidate.pb due to UnicodeDecodeError
Warning: Skipping file /repo/staging/src/k8s.io/api/testdata/v1.33.0/coordination.k8s.io.v1beta1.Lease.pb due to UnicodeDecodeError
Warning: Skipping file /repo/staging/src/k8s.io/api/testdata/v1.33.0/coordination.k8s.io.v1beta1.LeaseCandidate.pb due to UnicodeDecodeError
Warning: Skipping file /repo/staging/src/k8s.io/api/testdata/v1.33.0/core.v1.Binding.pb due to UnicodeDecodeError
Warning: Skipping file /repo/staging/src/k8s.io/api/testdata/v1.33.0/core.v1.ComponentStatus.pb due to UnicodeDecodeError
Warning: Skipping file /repo/staging/src/k8s.io/api/testdata/v1.33.0/core.v1.ConfigMap.pb due to UnicodeDecodeError
Warning: Skipping file /repo/staging/src/k8s.io/api/testdata/v1.33.0/core.v1.Endpoints.pb due to UnicodeDecodeError
Warning: Skipping file /repo/staging/src/k8s.io/api/testdata/v1.33.0/core.v1.Event.pb due to UnicodeDecodeError
Warning: Skipping file /repo/staging/src/k8s.io/api/testdata/v1.33.0/core.v1.LimitRange.pb due to UnicodeDecodeError
Warning: Skipping file /repo/staging/src/k8s.io/api/testdata/v1.33.0/core.v1.Namespace.pb due to UnicodeDecodeError
Warning: Skipping file /repo/staging/src/k8s.io/api/testdata/v1.33.0/core.v1.Node.pb due to UnicodeDecodeError
Warning: Skipping file /repo/staging/src/k8s.io/api/testdata/v1.33.0/core.v1.PersistentVolume.pb due to UnicodeDecodeError
Warning: Skipping file /repo/staging/src/k8s.io/api/testdata/v1.33.0/core.v1.PersistentVolumeClaim.pb due to UnicodeDecodeError
Warning: Skipping file /repo/staging/src/k8s.io/api/testdata/v1.33.0/core.v1.Pod.pb due to UnicodeDecodeError
Warning: Skipping file /repo/staging/src/k8s.io/api/testdata/v1.33.0/core.v1.PodLogOptions.pb due to UnicodeDecodeError
Warning: Skipping file /repo/staging/src/k8s.io/api/testdata/v1.33.0/core.v1.PodTemplate.pb due to UnicodeDecodeError
Warning: Skipping file /repo/staging/src/k8s.io/api/testdata/v1.33.0/core.v1.RangeAllocation.pb due to UnicodeDecodeError
Warning: Skipping file /repo/staging/src/k8s.io/api/testdata/v1.33.0/core.v1.ReplicationController.pb due to UnicodeDecodeError
Warning: Skipping file /repo/staging/src/k8s.io/api/testdata/v1.33.0/core.v1.ResourceQuota.pb due to UnicodeDecodeError
Warning: Skipping file /repo/staging/src/k8s.io/api/testdata/v1.33.0/core.v1.Secret.pb due to UnicodeDecodeError
Warning: Skipping file /repo/staging/src/k8s.io/api/testdata/v1.33.0/core.v1.Service.pb due to UnicodeDecodeError
Warning: Skipping file /repo/staging/src/k8s.io/api/testdata/v1.33.0/core.v1.ServiceAccount.pb due to UnicodeDecodeError
Warning: Skipping file /repo/staging/src/k8s.io/api/testdata/v1.33.0/core.v1.Status.pb due to UnicodeDecodeError
Warning: Skipping file /repo/staging/src/k8s.io/api/testdata/v1.33.0/discovery.k8s.io.v1.EndpointSlice.pb due to UnicodeDecodeError
Warning: Skipping file /repo/staging/src/k8s.io/api/testdata/v1.33.0/discovery.k8s.io.v1beta1.EndpointSlice.pb due to UnicodeDecodeError
Warning: Skipping file /repo/staging/src/k8s.io/api/testdata/v1.33.0/events.k8s.io.v1.Event.pb due to UnicodeDecodeError
Warning: Skipping file /repo/staging/src/k8s.io/api/testdata/v1.33.0/events.k8s.io.v1beta1.Event.pb due to UnicodeDecodeError
Warning: Skipping file /repo/staging/src/k8s.io/api/testdata/v1.33.0/extensions.v1beta1.DaemonSet.pb due to UnicodeDecodeError
Warning: Skipping file /repo/staging/src/k8s.io/api/testdata/v1.33.0/extensions.v1beta1.Deployment.pb due to UnicodeDecodeError
Warning: Skipping file /repo/staging/src/k8s.io/api/testdata/v1.33.0/extensions.v1beta1.Ingress.pb due to UnicodeDecodeError
Warning: Skipping file /repo/staging/src/k8s.io/api/testdata/v1.33.0/extensions.v1beta1.NetworkPolicy.pb due to UnicodeDecodeError
Warning: Skipping file /repo/staging/src/k8s.io/api/testdata/v1.33.0/extensions.v1beta1.ReplicaSet.pb due to UnicodeDecodeError
Warning: Skipping file /repo/staging/src/k8s.io/api/testdata/v1.33.0/extensions.v1beta1.Scale.pb due to UnicodeDecodeError
Warning: Skipping file /repo/staging/src/k8s.io/api/testdata/v1.33.0/flowcontrol.apiserver.k8s.io.v1.FlowSchema.pb due to UnicodeDecodeError
Warning: Skipping file /repo/staging/src/k8s.io/api/testdata/v1.33.0/flowcontrol.apiserver.k8s.io.v1.PriorityLevelConfiguration.pb due to UnicodeDecodeError
Warning: Skipping file /repo/staging/src/k8s.io/api/testdata/v1.33.0/flowcontrol.apiserver.k8s.io.v1beta1.FlowSchema.pb due to UnicodeDecodeError
Warning: Skipping file /repo/staging/src/k8s.io/api/testdata/v1.33.0/flowcontrol.apiserver.k8s.io.v1beta1.PriorityLevelConfiguration.pb due to UnicodeDecodeError
Warning: Skipping file /repo/staging/src/k8s.io/api/testdata/v1.33.0/flowcontrol.apiserver.k8s.io.v1beta2.FlowSchema.pb due to UnicodeDecodeError
Warning: Skipping file /repo/staging/src/k8s.io/api/testdata/v1.33.0/flowcontrol.apiserver.k8s.io.v1beta2.PriorityLevelConfiguration.pb due to UnicodeDecodeError
Warning: Skipping file /repo/staging/src/k8s.io/api/testdata/v1.33.0/flowcontrol.apiserver.k8s.io.v1beta3.FlowSchema.pb due to UnicodeDecodeError
Warning: Skipping file /repo/staging/src/k8s.io/api/testdata/v1.33.0/flowcontrol.apiserver.k8s.io.v1beta3.PriorityLevelConfiguration.pb due to UnicodeDecodeError
Warning: Skipping file /repo/staging/src/k8s.io/api/testdata/v1.33.0/imagepolicy.k8s.io.v1alpha1.ImageReview.pb due to UnicodeDecodeError
Warning: Skipping file /repo/staging/src/k8s.io/api/testdata/v1.33.0/internal.apiserver.k8s.io.v1alpha1.StorageVersion.pb due to UnicodeDecodeError
Warning: Skipping file /repo/staging/src/k8s.io/api/testdata/v1.33.0/networking.k8s.io.v1.IPAddress.pb due to UnicodeDecodeError
Warning: Skipping file /repo/staging/src/k8s.io/api/testdata/v1.33.0/networking.k8s.io.v1.Ingress.pb due to UnicodeDecodeError
Warning: Skipping file /repo/staging/src/k8s.io/api/testdata/v1.33.0/networking.k8s.io.v1.IngressClass.pb due to UnicodeDecodeError
Warning: Skipping file /repo/staging/src/k8s.io/api/testdata/v1.33.0/networking.k8s.io.v1.NetworkPolicy.pb due to UnicodeDecodeError
Warning: Skipping file /repo/staging/src/k8s.io/api/testdata/v1.33.0/networking.k8s.io.v1.ServiceCIDR.pb due to UnicodeDecodeError
Warning: Skipping file /repo/staging/src/k8s.io/api/testdata/v1.33.0/networking.k8s.io.v1alpha1.IPAddress.pb due to UnicodeDecodeError
Warning: Skipping file /repo/staging/src/k8s.io/api/testdata/v1.33.0/networking.k8s.io.v1alpha1.ServiceCIDR.pb due to UnicodeDecodeError
Warning: Skipping file /repo/staging/src/k8s.io/api/testdata/v1.33.0/networking.k8s.io.v1beta1.IPAddress.pb due to UnicodeDecodeError
Warning: Skipping file /repo/staging/src/k8s.io/api/testdata/v1.33.0/networking.k8s.io.v1beta1.Ingress.pb due to UnicodeDecodeError
Warning: Skipping file /repo/staging/src/k8s.io/api/testdata/v1.33.0/networking.k8s.io.v1beta1.IngressClass.pb due to UnicodeDecodeError
Warning: Skipping file /repo/staging/src/k8s.io/api/testdata/v1.33.0/networking.k8s.io.v1beta1.ServiceCIDR.pb due to UnicodeDecodeError
Warning: Skipping file /repo/staging/src/k8s.io/api/testdata/v1.33.0/node.k8s.io.v1.RuntimeClass.pb due to UnicodeDecodeError
Warning: Skipping file /repo/staging/src/k8s.io/api/testdata/v1.33.0/node.k8s.io.v1alpha1.RuntimeClass.pb due to UnicodeDecodeError
Warning: Skipping file /repo/staging/src/k8s.io/api/testdata/v1.33.0/node.k8s.io.v1beta1.RuntimeClass.pb due to UnicodeDecodeError
Warning: Skipping file /repo/staging/src/k8s.io/api/testdata/v1.33.0/policy.v1.Eviction.pb due to UnicodeDecodeError
Warning: Skipping file /repo/staging/src/k8s.io/api/testdata/v1.33.0/policy.v1.PodDisruptionBudget.pb due to UnicodeDecodeError
Warning: Skipping file /repo/staging/src/k8s.io/api/testdata/v1.33.0/policy.v1beta1.Eviction.pb due to UnicodeDecodeError
Warning: Skipping file /repo/staging/src/k8s.io/api/testdata/v1.33.0/policy.v1beta1.PodDisruptionBudget.pb due to UnicodeDecodeError
Warning: Skipping file /repo/staging/src/k8s.io/api/testdata/v1.33.0/rbac.authorization.k8s.io.v1.ClusterRole.pb due to UnicodeDecodeError
Warning: Skipping file /repo/staging/src/k8s.io/api/testdata/v1.33.0/rbac.authorization.k8s.io.v1.ClusterRoleBinding.pb due to UnicodeDecodeError
Warning: Skipping file /repo/staging/src/k8s.io/api/testdata/v1.33.0/rbac.authorization.k8s.io.v1.Role.pb due to UnicodeDecodeError
Warning: Skipping file /repo/staging/src/k8s.io/api/testdata/v1.33.0/rbac.authorization.k8s.io.v1.RoleBinding.pb due to UnicodeDecodeError
Warning: Skipping file /repo/staging/src/k8s.io/api/testdata/v1.33.0/rbac.authorization.k8s.io.v1alpha1.ClusterRole.pb due to UnicodeDecodeError
Warning: Skipping file /repo/staging/src/k8s.io/api/testdata/v1.33.0/rbac.authorization.k8s.io.v1alpha1.ClusterRoleBinding.pb due to UnicodeDecodeError
Warning: Skipping file /repo/staging/src/k8s.io/api/testdata/v1.33.0/rbac.authorization.k8s.io.v1alpha1.Role.pb due to UnicodeDecodeError
Warning: Skipping file /repo/staging/src/k8s.io/api/testdata/v1.33.0/rbac.authorization.k8s.io.v1alpha1.RoleBinding.pb due to UnicodeDecodeError
Warning: Skipping file /repo/staging/src/k8s.io/api/testdata/v1.33.0/rbac.authorization.k8s.io.v1beta1.ClusterRole.pb due to UnicodeDecodeError
Warning: Skipping file /repo/staging/src/k8s.io/api/testdata/v1.33.0/rbac.authorization.k8s.io.v1beta1.ClusterRoleBinding.pb due to UnicodeDecodeError
Warning: Skipping file /repo/staging/src/k8s.io/api/testdata/v1.33.0/rbac.authorization.k8s.io.v1beta1.Role.pb due to UnicodeDecodeError
Warning: Skipping file /repo/staging/src/k8s.io/api/testdata/v1.33.0/rbac.authorization.k8s.io.v1beta1.RoleBinding.pb due to UnicodeDecodeError
Warning: Skipping file /repo/staging/src/k8s.io/api/testdata/v1.33.0/resource.k8s.io.v1alpha3.DeviceClass.pb due to UnicodeDecodeError
Warning: Skipping file /repo/staging/src/k8s.io/api/testdata/v1.33.0/resource.k8s.io.v1alpha3.DeviceTaintRule.after_roundtrip.pb due to UnicodeDecodeError
Warning: Skipping file /repo/staging/src/k8s.io/api/testdata/v1.33.0/resource.k8s.io.v1alpha3.DeviceTaintRule.pb due to UnicodeDecodeError
Warning: Skipping file /repo/staging/src/k8s.io/api/testdata/v1.33.0/resource.k8s.io.v1alpha3.ResourceClaim.pb due to UnicodeDecodeError
Warning: Skipping file /repo/staging/src/k8s.io/api/testdata/v1.33.0/resource.k8s.io.v1alpha3.ResourceClaimTemplate.pb due to UnicodeDecodeError
Warning: Skipping file /repo/staging/src/k8s.io/api/testdata/v1.33.0/resource.k8s.io.v1alpha3.ResourceSlice.pb due to UnicodeDecodeError
Warning: Skipping file /repo/staging/src/k8s.io/api/testdata/v1.33.0/resource.k8s.io.v1beta1.DeviceClass.pb due to UnicodeDecodeError
Warning: Skipping file /repo/staging/src/k8s.io/api/testdata/v1.33.0/resource.k8s.io.v1beta1.ResourceClaim.pb due to UnicodeDecodeError
Warning: Skipping file /repo/staging/src/k8s.io/api/testdata/v1.33.0/resource.k8s.io.v1beta1.ResourceClaimTemplate.pb due to UnicodeDecodeError
Warning: Skipping file /repo/staging/src/k8s.io/api/testdata/v1.33.0/resource.k8s.io.v1beta1.ResourceSlice.pb due to UnicodeDecodeError
Warning: Skipping file /repo/staging/src/k8s.io/api/testdata/v1.33.0/resource.k8s.io.v1beta2.DeviceClass.pb due to UnicodeDecodeError
Warning: Skipping file /repo/staging/src/k8s.io/api/testdata/v1.33.0/resource.k8s.io.v1beta2.ResourceClaim.pb due to UnicodeDecodeError
Warning: Skipping file /repo/staging/src/k8s.io/api/testdata/v1.33.0/resource.k8s.io.v1beta2.ResourceClaimTemplate.pb due to UnicodeDecodeError
Warning: Skipping file /repo/staging/src/k8s.io/api/testdata/v1.33.0/resource.k8s.io.v1beta2.ResourceSlice.pb due to UnicodeDecodeError
Warning: Skipping file /repo/staging/src/k8s.io/api/testdata/v1.33.0/scheduling.k8s.io.v1.PriorityClass.pb due to UnicodeDecodeError
Warning: Skipping file /repo/staging/src/k8s.io/api/testdata/v1.33.0/scheduling.k8s.io.v1alpha1.PriorityClass.pb due to UnicodeDecodeError
Warning: Skipping file /repo/staging/src/k8s.io/api/testdata/v1.33.0/scheduling.k8s.io.v1beta1.PriorityClass.pb due to UnicodeDecodeError
Warning: Skipping file /repo/staging/src/k8s.io/api/testdata/v1.33.0/storage.k8s.io.v1.CSIDriver.pb due to UnicodeDecodeError
Warning: Skipping file /repo/staging/src/k8s.io/api/testdata/v1.33.0/storage.k8s.io.v1.CSINode.after_roundtrip.pb due to UnicodeDecodeError
Warning: Skipping file /repo/staging/src/k8s.io/api/testdata/v1.33.0/storage.k8s.io.v1.CSINode.pb due to UnicodeDecodeError
Warning: Skipping file /repo/staging/src/k8s.io/api/testdata/v1.33.0/storage.k8s.io.v1.CSIStorageCapacity.pb due to UnicodeDecodeError
Warning: Skipping file /repo/staging/src/k8s.io/api/testdata/v1.33.0/storage.k8s.io.v1.StorageClass.pb due to UnicodeDecodeError
Warning: Skipping file /repo/staging/src/k8s.io/api/testdata/v1.33.0/storage.k8s.io.v1.VolumeAttachment.pb due to UnicodeDecodeError
Warning: Skipping file /repo/staging/src/k8s.io/api/testdata/v1.33.0/storage.k8s.io.v1alpha1.CSIStorageCapacity.pb due to UnicodeDecodeError
Warning: Skipping file /repo/staging/src/k8s.io/api/testdata/v1.33.0/storage.k8s.io.v1alpha1.VolumeAttachment.pb due to UnicodeDecodeError
Warning: Skipping file /repo/staging/src/k8s.io/api/testdata/v1.33.0/storage.k8s.io.v1alpha1.VolumeAttributesClass.pb due to UnicodeDecodeError
Warning: Skipping file /repo/staging/src/k8s.io/api/testdata/v1.33.0/storage.k8s.io.v1beta1.CSIDriver.pb due to UnicodeDecodeError
Warning: Skipping file /repo/staging/src/k8s.io/api/testdata/v1.33.0/storage.k8s.io.v1beta1.CSINode.after_roundtrip.pb due to UnicodeDecodeError
Warning: Skipping file /repo/staging/src/k8s.io/api/testdata/v1.33.0/storage.k8s.io.v1beta1.CSINode.pb due to UnicodeDecodeError
Warning: Skipping file /repo/staging/src/k8s.io/api/testdata/v1.33.0/storage.k8s.io.v1beta1.CSIStorageCapacity.pb due to UnicodeDecodeError
Warning: Skipping file /repo/staging/src/k8s.io/api/testdata/v1.33.0/storage.k8s.io.v1beta1.StorageClass.pb due to UnicodeDecodeError
Warning: Skipping file /repo/staging/src/k8s.io/api/testdata/v1.33.0/storage.k8s.io.v1beta1.VolumeAttachment.pb due to UnicodeDecodeError
Warning: Skipping file /repo/staging/src/k8s.io/api/testdata/v1.33.0/storage.k8s.io.v1beta1.VolumeAttributesClass.pb due to UnicodeDecodeError
Warning: Skipping file /repo/staging/src/k8s.io/api/testdata/v1.34.0/admission.k8s.io.v1.AdmissionReview.pb due to UnicodeDecodeError
Warning: Skipping file /repo/staging/src/k8s.io/api/testdata/v1.34.0/admission.k8s.io.v1beta1.AdmissionReview.pb due to UnicodeDecodeError
Warning: Skipping file /repo/staging/src/k8s.io/api/testdata/v1.34.0/admissionregistration.k8s.io.v1.MutatingWebhookConfiguration.pb due to UnicodeDecodeError
Warning: Skipping file /repo/staging/src/k8s.io/api/testdata/v1.34.0/admissionregistration.k8s.io.v1.ValidatingAdmissionPolicy.pb due to UnicodeDecodeError
Warning: Skipping file /repo/staging/src/k8s.io/api/testdata/v1.34.0/admissionregistration.k8s.io.v1.ValidatingAdmissionPolicyBinding.pb due to UnicodeDecodeError
Warning: Skipping file /repo/staging/src/k8s.io/api/testdata/v1.34.0/admissionregistration.k8s.io.v1.ValidatingWebhookConfiguration.pb due to UnicodeDecodeError
Warning: Skipping file /repo/staging/src/k8s.io/api/testdata/v1.34.0/admissionregistration.k8s.io.v1alpha1.MutatingAdmissionPolicy.pb due to UnicodeDecodeError
Warning: Skipping file /repo/staging/src/k8s.io/api/testdata/v1.34.0/admissionregistration.k8s.io.v1alpha1.MutatingAdmissionPolicyBinding.pb due to UnicodeDecodeError
Warning: Skipping file /repo/staging/src/k8s.io/api/testdata/v1.34.0/admissionregistration.k8s.io.v1alpha1.ValidatingAdmissionPolicy.pb due to UnicodeDecodeError
Warning: Skipping file /repo/staging/src/k8s.io/api/testdata/v1.34.0/admissionregistration.k8s.io.v1alpha1.ValidatingAdmissionPolicyBinding.pb due to UnicodeDecodeError
Warning: Skipping file /repo/staging/src/k8s.io/api/testdata/v1.34.0/admissionregistration.k8s.io.v1beta1.MutatingAdmissionPolicy.pb due to UnicodeDecodeError
Warning: Skipping file /repo/staging/src/k8s.io/api/testdata/v1.34.0/admissionregistration.k8s.io.v1beta1.MutatingAdmissionPolicyBinding.pb due to UnicodeDecodeError
Warning: Skipping file /repo/staging/src/k8s.io/api/testdata/v1.34.0/admissionregistration.k8s.io.v1beta1.MutatingWebhookConfiguration.pb due to UnicodeDecodeError
Warning: Skipping file /repo/staging/src/k8s.io/api/testdata/v1.34.0/admissionregistration.k8s.io.v1beta1.ValidatingAdmissionPolicy.pb due to UnicodeDecodeError
Warning: Skipping file /repo/staging/src/k8s.io/api/testdata/v1.34.0/admissionregistration.k8s.io.v1beta1.ValidatingAdmissionPolicyBinding.pb due to UnicodeDecodeError
Warning: Skipping file /repo/staging/src/k8s.io/api/testdata/v1.34.0/admissionregistration.k8s.io.v1beta1.ValidatingWebhookConfiguration.pb due to UnicodeDecodeError
Warning: Skipping file /repo/staging/src/k8s.io/api/testdata/v1.34.0/apidiscovery.k8s.io.v2.APIGroupDiscovery.pb due to UnicodeDecodeError
Warning: Skipping file /repo/staging/src/k8s.io/api/testdata/v1.34.0/apidiscovery.k8s.io.v2beta1.APIGroupDiscovery.pb due to UnicodeDecodeError
Warning: Skipping file /repo/staging/src/k8s.io/api/testdata/v1.34.0/apps.v1.ControllerRevision.pb due to UnicodeDecodeError
Warning: Skipping file /repo/staging/src/k8s.io/api/testdata/v1.34.0/apps.v1.DaemonSet.pb due to UnicodeDecodeError
Warning: Skipping file /repo/staging/src/k8s.io/api/testdata/v1.34.0/apps.v1.Deployment.pb due to UnicodeDecodeError
Warning: Skipping file /repo/staging/src/k8s.io/api/testdata/v1.34.0/apps.v1.ReplicaSet.pb due to UnicodeDecodeError
Warning: Skipping file /repo/staging/src/k8s.io/api/testdata/v1.34.0/apps.v1.StatefulSet.pb due to UnicodeDecodeError
Warning: Skipping file /repo/staging/src/k8s.io/api/testdata/v1.34.0/apps.v1beta1.ControllerRevision.pb due to UnicodeDecodeError
Warning: Skipping file /repo/staging/src/k8s.io/api/testdata/v1.34.0/apps.v1beta1.Deployment.pb due to UnicodeDecodeError
Warning: Skipping file /repo/staging/src/k8s.io/api/testdata/v1.34.0/apps.v1beta1.Scale.pb due to UnicodeDecodeError
Warning: Skipping file /repo/staging/src/k8s.io/api/testdata/v1.34.0/apps.v1beta1.StatefulSet.pb due to UnicodeDecodeError
Warning: Skipping file /repo/staging/src/k8s.io/api/testdata/v1.34.0/apps.v1beta2.ControllerRevision.pb due to UnicodeDecodeError
Warning: Skipping file /repo/staging/src/k8s.io/api/testdata/v1.34.0/apps.v1beta2.DaemonSet.pb due to UnicodeDecodeError
Warning: Skipping file /repo/staging/src/k8s.io/api/testdata/v1.34.0/apps.v1beta2.Deployment.pb due to UnicodeDecodeError
Warning: Skipping file /repo/staging/src/k8s.io/api/testdata/v1.34.0/apps.v1beta2.ReplicaSet.pb due to UnicodeDecodeError
Warning: Skipping file /repo/staging/src/k8s.io/api/testdata/v1.34.0/apps.v1beta2.Scale.pb due to UnicodeDecodeError
Warning: Skipping file /repo/staging/src/k8s.io/api/testdata/v1.34.0/apps.v1beta2.StatefulSet.pb due to UnicodeDecodeError
Warning: Skipping file /repo/staging/src/k8s.io/api/testdata/v1.34.0/authentication.k8s.io.v1.SelfSubjectReview.pb due to UnicodeDecodeError
Warning: Skipping file /repo/staging/src/k8s.io/api/testdata/v1.34.0/authentication.k8s.io.v1.TokenRequest.pb due to UnicodeDecodeError
Warning: Skipping file /repo/staging/src/k8s.io/api/testdata/v1.34.0/authentication.k8s.io.v1.TokenReview.pb due to UnicodeDecodeError
Warning: Skipping file /repo/staging/src/k8s.io/api/testdata/v1.34.0/authentication.k8s.io.v1beta1.SelfSubjectReview.pb due to UnicodeDecodeError
Warning: Skipping file /repo/staging/src/k8s.io/api/testdata/v1.34.0/authentication.k8s.io.v1beta1.TokenReview.pb due to UnicodeDecodeError
Warning: Skipping file /repo/staging/src/k8s.io/api/testdata/v1.34.0/authorization.k8s.io.v1.LocalSubjectAccessReview.pb due to UnicodeDecodeError
Warning: Skipping file /repo/staging/src/k8s.io/api/testdata/v1.34.0/authorization.k8s.io.v1.SelfSubjectAccessReview.pb due to UnicodeDecodeError
Warning: Skipping file /repo/staging/src/k8s.io/api/testdata/v1.34.0/authorization.k8s.io.v1.SelfSubjectRulesReview.pb due to UnicodeDecodeError
Warning: Skipping file /repo/staging/src/k8s.io/api/testdata/v1.34.0/authorization.k8s.io.v1.SubjectAccessReview.pb due to UnicodeDecodeError
Warning: Skipping file /repo/staging/src/k8s.io/api/testdata/v1.34.0/authorization.k8s.io.v1beta1.LocalSubjectAccessReview.pb due to UnicodeDecodeError
Warning: Skipping file /repo/staging/src/k8s.io/api/testdata/v1.34.0/authorization.k8s.io.v1beta1.SelfSubjectAccessReview.pb due to UnicodeDecodeError
Warning: Skipping file /repo/staging/src/k8s.io/api/testdata/v1.34.0/authorization.k8s.io.v1beta1.SelfSubjectRulesReview.pb due to UnicodeDecodeError
Warning: Skipping file /repo/staging/src/k8s.io/api/testdata/v1.34.0/authorization.k8s.io.v1beta1.SubjectAccessReview.pb due to UnicodeDecodeError
Warning: Skipping file /repo/staging/src/k8s.io/api/testdata/v1.34.0/autoscaling.v1.HorizontalPodAutoscaler.pb due to UnicodeDecodeError
Warning: Skipping file /repo/staging/src/k8s.io/api/testdata/v1.34.0/autoscaling.v1.Scale.pb due to UnicodeDecodeError
Warning: Skipping file /repo/staging/src/k8s.io/api/testdata/v1.34.0/autoscaling.v2.HorizontalPodAutoscaler.pb due to UnicodeDecodeError
Warning: Skipping file /repo/staging/src/k8s.io/api/testdata/v1.34.0/autoscaling.v2beta1.HorizontalPodAutoscaler.pb due to UnicodeDecodeError
Warning: Skipping file /repo/staging/src/k8s.io/api/testdata/v1.34.0/autoscaling.v2beta2.HorizontalPodAutoscaler.pb due to UnicodeDecodeError
Warning: Skipping file /repo/staging/src/k8s.io/api/testdata/v1.34.0/batch.v1.CronJob.pb due to UnicodeDecodeError
Warning: Skipping file /repo/staging/src/k8s.io/api/testdata/v1.34.0/batch.v1.Job.pb due to UnicodeDecodeError
Warning: Skipping file /repo/staging/src/k8s.io/api/testdata/v1.34.0/batch.v1beta1.CronJob.pb due to UnicodeDecodeError
Warning: Skipping file /repo/staging/src/k8s.io/api/testdata/v1.34.0/certificates.k8s.io.v1.CertificateSigningRequest.pb due to UnicodeDecodeError
Warning: Skipping file /repo/staging/src/k8s.io/api/testdata/v1.34.0/certificates.k8s.io.v1alpha1.ClusterTrustBundle.pb due to UnicodeDecodeError
Warning: Skipping file /repo/staging/src/k8s.io/api/testdata/v1.34.0/certificates.k8s.io.v1alpha1.PodCertificateRequest.pb due to UnicodeDecodeError
Warning: Skipping file /repo/staging/src/k8s.io/api/testdata/v1.34.0/certificates.k8s.io.v1beta1.CertificateSigningRequest.pb due to UnicodeDecodeError
Warning: Skipping file /repo/staging/src/k8s.io/api/testdata/v1.34.0/certificates.k8s.io.v1beta1.ClusterTrustBundle.pb due to UnicodeDecodeError
Warning: Skipping file /repo/staging/src/k8s.io/api/testdata/v1.34.0/coordination.k8s.io.v1.Lease.pb due to UnicodeDecodeError
Warning: Skipping file /repo/staging/src/k8s.io/api/testdata/v1.34.0/coordination.k8s.io.v1alpha2.LeaseCandidate.pb due to UnicodeDecodeError
Warning: Skipping file /repo/staging/src/k8s.io/api/testdata/v1.34.0/coordination.k8s.io.v1beta1.Lease.pb due to UnicodeDecodeError
Warning: Skipping file /repo/staging/src/k8s.io/api/testdata/v1.34.0/coordination.k8s.io.v1beta1.LeaseCandidate.pb due to UnicodeDecodeError
Warning: Skipping file /repo/staging/src/k8s.io/api/testdata/v1.34.0/core.v1.Binding.pb due to UnicodeDecodeError
Warning: Skipping file /repo/staging/src/k8s.io/api/testdata/v1.34.0/core.v1.ComponentStatus.pb due to UnicodeDecodeError
Warning: Skipping file /repo/staging/src/k8s.io/api/testdata/v1.34.0/core.v1.ConfigMap.pb due to UnicodeDecodeError
Warning: Skipping file /repo/staging/src/k8s.io/api/testdata/v1.34.0/core.v1.Endpoints.pb due to UnicodeDecodeError
Warning: Skipping file /repo/staging/src/k8s.io/api/testdata/v1.34.0/core.v1.Event.pb due to UnicodeDecodeError
Warning: Skipping file /repo/staging/src/k8s.io/api/testdata/v1.34.0/core.v1.LimitRange.pb due to UnicodeDecodeError
Warning: Skipping file /repo/staging/src/k8s.io/api/testdata/v1.34.0/core.v1.Namespace.pb due to UnicodeDecodeError
Warning: Skipping file /repo/staging/src/k8s.io/api/testdata/v1.34.0/core.v1.Node.pb due to UnicodeDecodeError
Warning: Skipping file /repo/staging/src/k8s.io/api/testdata/v1.34.0/core.v1.PersistentVolume.pb due to UnicodeDecodeError
Warning: Skipping file /repo/staging/src/k8s.io/api/testdata/v1.34.0/core.v1.PersistentVolumeClaim.pb due to UnicodeDecodeError
Warning: Skipping file /repo/staging/src/k8s.io/api/testdata/v1.34.0/core.v1.Pod.pb due to UnicodeDecodeError
Warning: Skipping file /repo/staging/src/k8s.io/api/testdata/v1.34.0/core.v1.PodLogOptions.pb due to UnicodeDecodeError
Warning: Skipping file /repo/staging/src/k8s.io/api/testdata/v1.34.0/core.v1.PodTemplate.pb due to UnicodeDecodeError
Warning: Skipping file /repo/staging/src/k8s.io/api/testdata/v1.34.0/core.v1.RangeAllocation.pb due to UnicodeDecodeError
Warning: Skipping file /repo/staging/src/k8s.io/api/testdata/v1.34.0/core.v1.ReplicationController.pb due to UnicodeDecodeError
Warning: Skipping file /repo/staging/src/k8s.io/api/testdata/v1.34.0/core.v1.ResourceQuota.pb due to UnicodeDecodeError
Warning: Skipping file /repo/staging/src/k8s.io/api/testdata/v1.34.0/core.v1.Secret.pb due to UnicodeDecodeError
Warning: Skipping file /repo/staging/src/k8s.io/api/testdata/v1.34.0/core.v1.Service.pb due to UnicodeDecodeError
Warning: Skipping file /repo/staging/src/k8s.io/api/testdata/v1.34.0/core.v1.ServiceAccount.pb due to UnicodeDecodeError
Warning: Skipping file /repo/staging/src/k8s.io/api/testdata/v1.34.0/core.v1.Status.pb due to UnicodeDecodeError
Warning: Skipping file /repo/staging/src/k8s.io/api/testdata/v1.34.0/discovery.k8s.io.v1.EndpointSlice.pb due to UnicodeDecodeError
Warning: Skipping file /repo/staging/src/k8s.io/api/testdata/v1.34.0/discovery.k8s.io.v1beta1.EndpointSlice.pb due to UnicodeDecodeError
Warning: Skipping file /repo/staging/src/k8s.io/api/testdata/v1.34.0/events.k8s.io.v1.Event.pb due to UnicodeDecodeError
Warning: Skipping file /repo/staging/src/k8s.io/api/testdata/v1.34.0/events.k8s.io.v1beta1.Event.pb due to UnicodeDecodeError
Warning: Skipping file /repo/staging/src/k8s.io/api/testdata/v1.34.0/extensions.v1beta1.DaemonSet.pb due to UnicodeDecodeError
Warning: Skipping file /repo/staging/src/k8s.io/api/testdata/v1.34.0/extensions.v1beta1.Deployment.pb due to UnicodeDecodeError
Warning: Skipping file /repo/staging/src/k8s.io/api/testdata/v1.34.0/extensions.v1beta1.Ingress.pb due to UnicodeDecodeError
Warning: Skipping file /repo/staging/src/k8s.io/api/testdata/v1.34.0/extensions.v1beta1.NetworkPolicy.pb due to UnicodeDecodeError
Warning: Skipping file /repo/staging/src/k8s.io/api/testdata/v1.34.0/extensions.v1beta1.ReplicaSet.pb due to UnicodeDecodeError
Warning: Skipping file /repo/staging/src/k8s.io/api/testdata/v1.34.0/extensions.v1beta1.Scale.pb due to UnicodeDecodeError
Warning: Skipping file /repo/staging/src/k8s.io/api/testdata/v1.34.0/flowcontrol.apiserver.k8s.io.v1.FlowSchema.pb due to UnicodeDecodeError
Warning: Skipping file /repo/staging/src/k8s.io/api/testdata/v1.34.0/flowcontrol.apiserver.k8s.io.v1.PriorityLevelConfiguration.pb due to UnicodeDecodeError
Warning: Skipping file /repo/staging/src/k8s.io/api/testdata/v1.34.0/flowcontrol.apiserver.k8s.io.v1beta1.FlowSchema.pb due to UnicodeDecodeError
Warning: Skipping file /repo/staging/src/k8s.io/api/testdata/v1.34.0/flowcontrol.apiserver.k8s.io.v1beta1.PriorityLevelConfiguration.pb due to UnicodeDecodeError
Warning: Skipping file /repo/staging/src/k8s.io/api/testdata/v1.34.0/flowcontrol.apiserver.k8s.io.v1beta2.FlowSchema.pb due to UnicodeDecodeError
Warning: Skipping file /repo/staging/src/k8s.io/api/testdata/v1.34.0/flowcontrol.apiserver.k8s.io.v1beta2.PriorityLevelConfiguration.pb due to UnicodeDecodeError
Warning: Skipping file /repo/staging/src/k8s.io/api/testdata/v1.34.0/flowcontrol.apiserver.k8s.io.v1beta3.FlowSchema.pb due to UnicodeDecodeError
Warning: Skipping file /repo/staging/src/k8s.io/api/testdata/v1.34.0/flowcontrol.apiserver.k8s.io.v1beta3.PriorityLevelConfiguration.pb due to UnicodeDecodeError
Warning: Skipping file /repo/staging/src/k8s.io/api/testdata/v1.34.0/imagepolicy.k8s.io.v1alpha1.ImageReview.pb due to UnicodeDecodeError
Warning: Skipping file /repo/staging/src/k8s.io/api/testdata/v1.34.0/internal.apiserver.k8s.io.v1alpha1.StorageVersion.pb due to UnicodeDecodeError
Warning: Skipping file /repo/staging/src/k8s.io/api/testdata/v1.34.0/networking.k8s.io.v1.IPAddress.pb due to UnicodeDecodeError
Warning: Skipping file /repo/staging/src/k8s.io/api/testdata/v1.34.0/networking.k8s.io.v1.Ingress.pb due to UnicodeDecodeError
Warning: Skipping file /repo/staging/src/k8s.io/api/testdata/v1.34.0/networking.k8s.io.v1.IngressClass.pb due to UnicodeDecodeError
Warning: Skipping file /repo/staging/src/k8s.io/api/testdata/v1.34.0/networking.k8s.io.v1.NetworkPolicy.pb due to UnicodeDecodeError
Warning: Skipping file /repo/staging/src/k8s.io/api/testdata/v1.34.0/networking.k8s.io.v1.ServiceCIDR.pb due to UnicodeDecodeError
Warning: Skipping file /repo/staging/src/k8s.io/api/testdata/v1.34.0/networking.k8s.io.v1beta1.IPAddress.pb due to UnicodeDecodeError
Warning: Skipping file /repo/staging/src/k8s.io/api/testdata/v1.34.0/networking.k8s.io.v1beta1.Ingress.pb due to UnicodeDecodeError
Warning: Skipping file /repo/staging/src/k8s.io/api/testdata/v1.34.0/networking.k8s.io.v1beta1.IngressClass.pb due to UnicodeDecodeError
Warning: Skipping file /repo/staging/src/k8s.io/api/testdata/v1.34.0/networking.k8s.io.v1beta1.ServiceCIDR.pb due to UnicodeDecodeError
Warning: Skipping file /repo/staging/src/k8s.io/api/testdata/v1.34.0/node.k8s.io.v1.RuntimeClass.pb due to UnicodeDecodeError
Warning: Skipping file /repo/staging/src/k8s.io/api/testdata/v1.34.0/node.k8s.io.v1alpha1.RuntimeClass.pb due to UnicodeDecodeError
Warning: Skipping file /repo/staging/src/k8s.io/api/testdata/v1.34.0/node.k8s.io.v1beta1.RuntimeClass.pb due to UnicodeDecodeError
Warning: Skipping file /repo/staging/src/k8s.io/api/testdata/v1.34.0/policy.v1.Eviction.pb due to UnicodeDecodeError
Warning: Skipping file /repo/staging/src/k8s.io/api/testdata/v1.34.0/policy.v1.PodDisruptionBudget.pb due to UnicodeDecodeError
Warning: Skipping file /repo/staging/src/k8s.io/api/testdata/v1.34.0/policy.v1beta1.Eviction.pb due to UnicodeDecodeError
Warning: Skipping file /repo/staging/src/k8s.io/api/testdata/v1.34.0/policy.v1beta1.PodDisruptionBudget.pb due to UnicodeDecodeError
Warning: Skipping file /repo/staging/src/k8s.io/api/testdata/v1.34.0/rbac.authorization.k8s.io.v1.ClusterRole.pb due to UnicodeDecodeError
Warning: Skipping file /repo/staging/src/k8s.io/api/testdata/v1.34.0/rbac.authorization.k8s.io.v1.ClusterRoleBinding.pb due to UnicodeDecodeError
Warning: Skipping file /repo/staging/src/k8s.io/api/testdata/v1.34.0/rbac.authorization.k8s.io.v1.Role.pb due to UnicodeDecodeError
Warning: Skipping file /repo/staging/src/k8s.io/api/testdata/v1.34.0/rbac.authorization.k8s.io.v1.RoleBinding.pb due to UnicodeDecodeError
Warning: Skipping file /repo/staging/src/k8s.io/api/testdata/v1.34.0/rbac.authorization.k8s.io.v1alpha1.ClusterRole.pb due to UnicodeDecodeError
Warning: Skipping file /repo/staging/src/k8s.io/api/testdata/v1.34.0/rbac.authorization.k8s.io.v1alpha1.ClusterRoleBinding.pb due to UnicodeDecodeError
Warning: Skipping file /repo/staging/src/k8s.io/api/testdata/v1.34.0/rbac.authorization.k8s.io.v1alpha1.Role.pb due to UnicodeDecodeError
Warning: Skipping file /repo/staging/src/k8s.io/api/testdata/v1.34.0/rbac.authorization.k8s.io.v1alpha1.RoleBinding.pb due to UnicodeDecodeError
Warning: Skipping file /repo/staging/src/k8s.io/api/testdata/v1.34.0/rbac.authorization.k8s.io.v1beta1.ClusterRole.pb due to UnicodeDecodeError
Warning: Skipping file /repo/staging/src/k8s.io/api/testdata/v1.34.0/rbac.authorization.k8s.io.v1beta1.ClusterRoleBinding.pb due to UnicodeDecodeError
Warning: Skipping file /repo/staging/src/k8s.io/api/testdata/v1.34.0/rbac.authorization.k8s.io.v1beta1.Role.pb due to UnicodeDecodeError
Warning: Skipping file /repo/staging/src/k8s.io/api/testdata/v1.34.0/rbac.authorization.k8s.io.v1beta1.RoleBinding.pb due to UnicodeDecodeError
Warning: Skipping file /repo/staging/src/k8s.io/api/testdata/v1.34.0/resource.k8s.io.v1.DeviceClass.pb due to UnicodeDecodeError
Warning: Skipping file /repo/staging/src/k8s.io/api/testdata/v1.34.0/resource.k8s.io.v1.ResourceClaim.pb due to UnicodeDecodeError
Warning: Skipping file /repo/staging/src/k8s.io/api/testdata/v1.34.0/resource.k8s.io.v1.ResourceClaimTemplate.pb due to UnicodeDecodeError
Warning: Skipping file /repo/staging/src/k8s.io/api/testdata/v1.34.0/resource.k8s.io.v1.ResourceSlice.pb due to UnicodeDecodeError
Warning: Skipping file /repo/staging/src/k8s.io/api/testdata/v1.34.0/resource.k8s.io.v1alpha3.DeviceTaintRule.after_roundtrip.pb due to UnicodeDecodeError
Warning: Skipping file /repo/staging/src/k8s.io/api/testdata/v1.34.0/resource.k8s.io.v1alpha3.DeviceTaintRule.pb due to UnicodeDecodeError
Warning: Skipping file /repo/staging/src/k8s.io/api/testdata/v1.34.0/resource.k8s.io.v1beta1.DeviceClass.pb due to UnicodeDecodeError
Warning: Skipping file /repo/staging/src/k8s.io/api/testdata/v1.34.0/resource.k8s.io.v1beta1.ResourceClaim.pb due to UnicodeDecodeError
Warning: Skipping file /repo/staging/src/k8s.io/api/testdata/v1.34.0/resource.k8s.io.v1beta1.ResourceClaimTemplate.pb due to UnicodeDecodeError
Warning: Skipping file /repo/staging/src/k8s.io/api/testdata/v1.34.0/resource.k8s.io.v1beta1.ResourceSlice.pb due to UnicodeDecodeError
Warning: Skipping file /repo/staging/src/k8s.io/api/testdata/v1.34.0/resource.k8s.io.v1beta2.DeviceClass.pb due to UnicodeDecodeError
Warning: Skipping file /repo/staging/src/k8s.io/api/testdata/v1.34.0/resource.k8s.io.v1beta2.ResourceClaim.pb due to UnicodeDecodeError
Warning: Skipping file /repo/staging/src/k8s.io/api/testdata/v1.34.0/resource.k8s.io.v1beta2.ResourceClaimTemplate.pb due to UnicodeDecodeError
Warning: Skipping file /repo/staging/src/k8s.io/api/testdata/v1.34.0/resource.k8s.io.v1beta2.ResourceSlice.pb due to UnicodeDecodeError
Warning: Skipping file /repo/staging/src/k8s.io/api/testdata/v1.34.0/scheduling.k8s.io.v1.PriorityClass.pb due to UnicodeDecodeError
Warning: Skipping file /repo/staging/src/k8s.io/api/testdata/v1.34.0/scheduling.k8s.io.v1alpha1.PriorityClass.pb due to UnicodeDecodeError
Warning: Skipping file /repo/staging/src/k8s.io/api/testdata/v1.34.0/scheduling.k8s.io.v1beta1.PriorityClass.pb due to UnicodeDecodeError
Warning: Skipping file /repo/staging/src/k8s.io/api/testdata/v1.34.0/storage.k8s.io.v1.CSIDriver.pb due to UnicodeDecodeError
Warning: Skipping file /repo/staging/src/k8s.io/api/testdata/v1.34.0/storage.k8s.io.v1.CSINode.after_roundtrip.pb due to UnicodeDecodeError
Warning: Skipping file /repo/staging/src/k8s.io/api/testdata/v1.34.0/storage.k8s.io.v1.CSINode.pb due to UnicodeDecodeError
Warning: Skipping file /repo/staging/src/k8s.io/api/testdata/v1.34.0/storage.k8s.io.v1.CSIStorageCapacity.pb due to UnicodeDecodeError
Warning: Skipping file /repo/staging/src/k8s.io/api/testdata/v1.34.0/storage.k8s.io.v1.StorageClass.pb due to UnicodeDecodeError
Warning: Skipping file /repo/staging/src/k8s.io/api/testdata/v1.34.0/storage.k8s.io.v1.VolumeAttachment.pb due to UnicodeDecodeError
Warning: Skipping file /repo/staging/src/k8s.io/api/testdata/v1.34.0/storage.k8s.io.v1.VolumeAttributesClass.pb due to UnicodeDecodeError
Warning: Skipping file /repo/staging/src/k8s.io/api/testdata/v1.34.0/storage.k8s.io.v1alpha1.CSIStorageCapacity.pb due to UnicodeDecodeError
Warning: Skipping file /repo/staging/src/k8s.io/api/testdata/v1.34.0/storage.k8s.io.v1alpha1.VolumeAttachment.pb due to UnicodeDecodeError
Warning: Skipping file /repo/staging/src/k8s.io/api/testdata/v1.34.0/storage.k8s.io.v1alpha1.VolumeAttributesClass.pb due to UnicodeDecodeError
Warning: Skipping file /repo/staging/src/k8s.io/api/testdata/v1.34.0/storage.k8s.io.v1beta1.CSIDriver.pb due to UnicodeDecodeError
Warning: Skipping file /repo/staging/src/k8s.io/api/testdata/v1.34.0/storage.k8s.io.v1beta1.CSINode.after_roundtrip.pb due to UnicodeDecodeError
Warning: Skipping file /repo/staging/src/k8s.io/api/testdata/v1.34.0/storage.k8s.io.v1beta1.CSINode.pb due to UnicodeDecodeError
Warning: Skipping file /repo/staging/src/k8s.io/api/testdata/v1.34.0/storage.k8s.io.v1beta1.CSIStorageCapacity.pb due to UnicodeDecodeError
Warning: Skipping file /repo/staging/src/k8s.io/api/testdata/v1.34.0/storage.k8s.io.v1beta1.StorageClass.pb due to UnicodeDecodeError
Warning: Skipping file /repo/staging/src/k8s.io/api/testdata/v1.34.0/storage.k8s.io.v1beta1.VolumeAttachment.pb due to UnicodeDecodeError
Warning: Skipping file /repo/staging/src/k8s.io/api/testdata/v1.34.0/storage.k8s.io.v1beta1.VolumeAttributesClass.pb due to UnicodeDecodeError
Warning: Skipping file /repo/staging/src/k8s.io/api/testdata/HEAD/admission.k8s.io.v1.AdmissionReview.pb due to UnicodeDecodeError
Warning: Skipping file /repo/staging/src/k8s.io/api/testdata/HEAD/admission.k8s.io.v1beta1.AdmissionReview.pb due to UnicodeDecodeError
Warning: Skipping file /repo/staging/src/k8s.io/api/testdata/HEAD/admissionregistration.k8s.io.v1.MutatingAdmissionPolicy.pb due to UnicodeDecodeError
Warning: Skipping file /repo/staging/src/k8s.io/api/testdata/HEAD/admissionregistration.k8s.io.v1.MutatingAdmissionPolicyBinding.pb due to UnicodeDecodeError
Warning: Skipping file /repo/staging/src/k8s.io/api/testdata/HEAD/admissionregistration.k8s.io.v1.MutatingWebhookConfiguration.pb due to UnicodeDecodeError
Warning: Skipping file /repo/staging/src/k8s.io/api/testdata/HEAD/admissionregistration.k8s.io.v1.ValidatingAdmissionPolicy.pb due to UnicodeDecodeError
Warning: Skipping file /repo/staging/src/k8s.io/api/testdata/HEAD/admissionregistration.k8s.io.v1.ValidatingAdmissionPolicyBinding.pb due to UnicodeDecodeError
Warning: Skipping file /repo/staging/src/k8s.io/api/testdata/HEAD/admissionregistration.k8s.io.v1.ValidatingWebhookConfiguration.pb due to UnicodeDecodeError
Warning: Skipping file /repo/staging/src/k8s.io/api/testdata/HEAD/admissionregistration.k8s.io.v1alpha1.MutatingAdmissionPolicy.pb due to UnicodeDecodeError
Warning: Skipping file /repo/staging/src/k8s.io/api/testdata/HEAD/admissionregistration.k8s.io.v1alpha1.MutatingAdmissionPolicyBinding.pb due to UnicodeDecodeError
Warning: Skipping file /repo/staging/src/k8s.io/api/testdata/HEAD/admissionregistration.k8s.io.v1alpha1.ValidatingAdmissionPolicy.pb due to UnicodeDecodeError
Warning: Skipping file /repo/staging/src/k8s.io/api/testdata/HEAD/admissionregistration.k8s.io.v1alpha1.ValidatingAdmissionPolicyBinding.pb due to UnicodeDecodeError
Warning: Skipping file /repo/staging/src/k8s.io/api/testdata/HEAD/admissionregistration.k8s.io.v1beta1.MutatingAdmissionPolicy.pb due to UnicodeDecodeError
Warning: Skipping file /repo/staging/src/k8s.io/api/testdata/HEAD/admissionregistration.k8s.io.v1beta1.MutatingAdmissionPolicyBinding.pb due to UnicodeDecodeError
Warning: Skipping file /repo/staging/src/k8s.io/api/testdata/HEAD/admissionregistration.k8s.io.v1beta1.MutatingWebhookConfiguration.pb due to UnicodeDecodeError
Warning: Skipping file /repo/staging/src/k8s.io/api/testdata/HEAD/admissionregistration.k8s.io.v1beta1.ValidatingAdmissionPolicy.pb due to UnicodeDecodeError
Warning: Skipping file /repo/staging/src/k8s.io/api/testdata/HEAD/admissionregistration.k8s.io.v1beta1.ValidatingAdmissionPolicyBinding.pb due to UnicodeDecodeError
Warning: Skipping file /repo/staging/src/k8s.io/api/testdata/HEAD/admissionregistration.k8s.io.v1beta1.ValidatingWebhookConfiguration.pb due to UnicodeDecodeError
Warning: Skipping file /repo/staging/src/k8s.io/api/testdata/HEAD/apidiscovery.k8s.io.v2.APIGroupDiscovery.pb due to UnicodeDecodeError
Warning: Skipping file /repo/staging/src/k8s.io/api/testdata/HEAD/apidiscovery.k8s.io.v2beta1.APIGroupDiscovery.pb due to UnicodeDecodeError
Warning: Skipping file /repo/staging/src/k8s.io/api/testdata/HEAD/apps.v1.ControllerRevision.pb due to UnicodeDecodeError
Warning: Skipping file /repo/staging/src/k8s.io/api/testdata/HEAD/apps.v1.DaemonSet.pb due to UnicodeDecodeError
Warning: Skipping file /repo/staging/src/k8s.io/api/testdata/HEAD/apps.v1.Deployment.pb due to UnicodeDecodeError
Warning: Skipping file /repo/staging/src/k8s.io/api/testdata/HEAD/apps.v1.ReplicaSet.pb due to UnicodeDecodeError
Warning: Skipping file /repo/staging/src/k8s.io/api/testdata/HEAD/apps.v1.StatefulSet.pb due to UnicodeDecodeError
Warning: Skipping file /repo/staging/src/k8s.io/api/testdata/HEAD/apps.v1beta1.ControllerRevision.pb due to UnicodeDecodeError
Warning: Skipping file /repo/staging/src/k8s.io/api/testdata/HEAD/apps.v1beta1.Deployment.pb due to UnicodeDecodeError
Warning: Skipping file /repo/staging/src/k8s.io/api/testdata/HEAD/apps.v1beta1.Scale.pb due to UnicodeDecodeError
Warning: Skipping file /repo/staging/src/k8s.io/api/testdata/HEAD/apps.v1beta1.StatefulSet.pb due to UnicodeDecodeError
Warning: Skipping file /repo/staging/src/k8s.io/api/testdata/HEAD/apps.v1beta2.ControllerRevision.pb due to UnicodeDecodeError
Warning: Skipping file /repo/staging/src/k8s.io/api/testdata/HEAD/apps.v1beta2.DaemonSet.pb due to UnicodeDecodeError
Warning: Skipping file /repo/staging/src/k8s.io/api/testdata/HEAD/apps.v1beta2.Deployment.pb due to UnicodeDecodeError
Warning: Skipping file /repo/staging/src/k8s.io/api/testdata/HEAD/apps.v1beta2.ReplicaSet.pb due to UnicodeDecodeError
Warning: Skipping file /repo/staging/src/k8s.io/api/testdata/HEAD/apps.v1beta2.Scale.pb due to UnicodeDecodeError
Warning: Skipping file /repo/staging/src/k8s.io/api/testdata/HEAD/apps.v1beta2.StatefulSet.pb due to UnicodeDecodeError
Warning: Skipping file /repo/staging/src/k8s.io/api/testdata/HEAD/authentication.k8s.io.v1.SelfSubjectReview.pb due to UnicodeDecodeError
Warning: Skipping file /repo/staging/src/k8s.io/api/testdata/HEAD/authentication.k8s.io.v1.TokenRequest.pb due to UnicodeDecodeError
Warning: Skipping file /repo/staging/src/k8s.io/api/testdata/HEAD/authentication.k8s.io.v1.TokenReview.pb due to UnicodeDecodeError
Warning: Skipping file /repo/staging/src/k8s.io/api/testdata/HEAD/authentication.k8s.io.v1beta1.SelfSubjectReview.pb due to UnicodeDecodeError
Warning: Skipping file /repo/staging/src/k8s.io/api/testdata/HEAD/authentication.k8s.io.v1beta1.TokenReview.pb due to UnicodeDecodeError
Warning: Skipping file /repo/staging/src/k8s.io/api/testdata/HEAD/authorization.k8s.io.v1.LocalSubjectAccessReview.pb due to UnicodeDecodeError
Warning: Skipping file /repo/staging/src/k8s.io/api/testdata/HEAD/authorization.k8s.io.v1.SelfSubjectAccessReview.pb due to UnicodeDecodeError
Warning: Skipping file /repo/staging/src/k8s.io/api/testdata/HEAD/authorization.k8s.io.v1.SelfSubjectRulesReview.pb due to UnicodeDecodeError
Warning: Skipping file /repo/staging/src/k8s.io/api/testdata/HEAD/authorization.k8s.io.v1.SubjectAccessReview.pb due to UnicodeDecodeError
Warning: Skipping file /repo/staging/src/k8s.io/api/testdata/HEAD/authorization.k8s.io.v1beta1.LocalSubjectAccessReview.pb due to UnicodeDecodeError
Warning: Skipping file /repo/staging/src/k8s.io/api/testdata/HEAD/authorization.k8s.io.v1beta1.SelfSubjectAccessReview.pb due to UnicodeDecodeError
Warning: Skipping file /repo/staging/src/k8s.io/api/testdata/HEAD/authorization.k8s.io.v1beta1.SelfSubjectRulesReview.pb due to UnicodeDecodeError
Warning: Skipping file /repo/staging/src/k8s.io/api/testdata/HEAD/authorization.k8s.io.v1beta1.SubjectAccessReview.pb due to UnicodeDecodeError
Warning: Skipping file /repo/staging/src/k8s.io/api/testdata/HEAD/autoscaling.v1.HorizontalPodAutoscaler.pb due to UnicodeDecodeError
Warning: Skipping file /repo/staging/src/k8s.io/api/testdata/HEAD/autoscaling.v1.Scale.pb due to UnicodeDecodeError
Warning: Skipping file /repo/staging/src/k8s.io/api/testdata/HEAD/autoscaling.v2.HorizontalPodAutoscaler.pb due to UnicodeDecodeError
Warning: Skipping file /repo/staging/src/k8s.io/api/testdata/HEAD/batch.v1.CronJob.pb due to UnicodeDecodeError
Warning: Skipping file /repo/staging/src/k8s.io/api/testdata/HEAD/batch.v1.Job.pb due to UnicodeDecodeError
Warning: Skipping file /repo/staging/src/k8s.io/api/testdata/HEAD/batch.v1beta1.CronJob.pb due to UnicodeDecodeError
Warning: Skipping file /repo/staging/src/k8s.io/api/testdata/HEAD/certificates.k8s.io.v1.CertificateSigningRequest.pb due to UnicodeDecodeError
Warning: Skipping file /repo/staging/src/k8s.io/api/testdata/HEAD/certificates.k8s.io.v1.ClusterTrustBundle.pb due to UnicodeDecodeError
Warning: Skipping file /repo/staging/src/k8s.io/api/testdata/HEAD/certificates.k8s.io.v1.PodCertificateRequest.pb due to UnicodeDecodeError
Warning: Skipping file /repo/staging/src/k8s.io/api/testdata/HEAD/certificates.k8s.io.v1alpha1.ClusterTrustBundle.pb due to UnicodeDecodeError
Warning: Skipping file /repo/staging/src/k8s.io/api/testdata/HEAD/certificates.k8s.io.v1beta1.CertificateSigningRequest.pb due to UnicodeDecodeError
Warning: Skipping file /repo/staging/src/k8s.io/api/testdata/HEAD/certificates.k8s.io.v1beta1.ClusterTrustBundle.pb due to UnicodeDecodeError
Warning: Skipping file /repo/staging/src/k8s.io/api/testdata/HEAD/certificates.k8s.io.v1beta1.PodCertificateRequest.pb due to UnicodeDecodeError
Warning: Skipping file /repo/staging/src/k8s.io/api/testdata/HEAD/coordination.k8s.io.v1.Lease.pb due to UnicodeDecodeError
Warning: Skipping file /repo/staging/src/k8s.io/api/testdata/HEAD/coordination.k8s.io.v1alpha2.LeaseCandidate.pb due to UnicodeDecodeError
Warning: Skipping file /repo/staging/src/k8s.io/api/testdata/HEAD/coordination.k8s.io.v1beta1.Lease.pb due to UnicodeDecodeError
Warning: Skipping file /repo/staging/src/k8s.io/api/testdata/HEAD/coordination.k8s.io.v1beta1.LeaseCandidate.pb due to UnicodeDecodeError
Warning: Skipping file /repo/staging/src/k8s.io/api/testdata/HEAD/core.v1.Binding.pb due to UnicodeDecodeError
Warning: Skipping file /repo/staging/src/k8s.io/api/testdata/HEAD/core.v1.ComponentStatus.pb due to UnicodeDecodeError
Warning: Skipping file /repo/staging/src/k8s.io/api/testdata/HEAD/core.v1.ConfigMap.pb due to UnicodeDecodeError
Warning: Skipping file /repo/staging/src/k8s.io/api/testdata/HEAD/core.v1.Endpoints.pb due to UnicodeDecodeError
Warning: Skipping file /repo/staging/src/k8s.io/api/testdata/HEAD/core.v1.Event.pb due to UnicodeDecodeError
Warning: Skipping file /repo/staging/src/k8s.io/api/testdata/HEAD/core.v1.LimitRange.pb due to UnicodeDecodeError
Warning: Skipping file /repo/staging/src/k8s.io/api/testdata/HEAD/core.v1.ListOptions.pb due to UnicodeDecodeError
Warning: Skipping file /repo/staging/src/k8s.io/api/testdata/HEAD/core.v1.Namespace.pb due to UnicodeDecodeError
Warning: Skipping file /repo/staging/src/k8s.io/api/testdata/HEAD/core.v1.Node.pb due to UnicodeDecodeError
Warning: Skipping file /repo/staging/src/k8s.io/api/testdata/HEAD/core.v1.PersistentVolume.pb due to UnicodeDecodeError
Warning: Skipping file /repo/staging/src/k8s.io/api/testdata/HEAD/core.v1.PersistentVolumeClaim.pb due to UnicodeDecodeError
Warning: Skipping file /repo/staging/src/k8s.io/api/testdata/HEAD/core.v1.Pod.pb due to UnicodeDecodeError
Warning: Skipping file /repo/staging/src/k8s.io/api/testdata/HEAD/core.v1.PodLogOptions.pb due to UnicodeDecodeError
Warning: Skipping file /repo/staging/src/k8s.io/api/testdata/HEAD/core.v1.PodTemplate.pb due to UnicodeDecodeError
Warning: Skipping file /repo/staging/src/k8s.io/api/testdata/HEAD/core.v1.RangeAllocation.pb due to UnicodeDecodeError
Warning: Skipping file /repo/staging/src/k8s.io/api/testdata/HEAD/core.v1.ReplicationController.pb due to UnicodeDecodeError
Warning: Skipping file /repo/staging/src/k8s.io/api/testdata/HEAD/core.v1.ResourceQuota.pb due to UnicodeDecodeError
Warning: Skipping file /repo/staging/src/k8s.io/api/testdata/HEAD/core.v1.Secret.pb due to UnicodeDecodeError
Warning: Skipping file /repo/staging/src/k8s.io/api/testdata/HEAD/core.v1.Service.pb due to UnicodeDecodeError
Warning: Skipping file /repo/staging/src/k8s.io/api/testdata/HEAD/core.v1.ServiceAccount.pb due to UnicodeDecodeError
Warning: Skipping file /repo/staging/src/k8s.io/api/testdata/HEAD/core.v1.Status.pb due to UnicodeDecodeError
Warning: Skipping file /repo/staging/src/k8s.io/api/testdata/HEAD/discovery.k8s.io.v1.EndpointSlice.pb due to UnicodeDecodeError
Warning: Skipping file /repo/staging/src/k8s.io/api/testdata/HEAD/discovery.k8s.io.v1beta1.EndpointSlice.pb due to UnicodeDecodeError
Warning: Skipping file /repo/staging/src/k8s.io/api/testdata/HEAD/events.k8s.io.v1.Event.pb due to UnicodeDecodeError
Warning: Skipping file /repo/staging/src/k8s.io/api/testdata/HEAD/events.k8s.io.v1beta1.Event.pb due to UnicodeDecodeError
Warning: Skipping file /repo/staging/src/k8s.io/api/testdata/HEAD/extensions.v1beta1.DaemonSet.pb due to UnicodeDecodeError
Warning: Skipping file /repo/staging/src/k8s.io/api/testdata/HEAD/extensions.v1beta1.Deployment.pb due to UnicodeDecodeError
Warning: Skipping file /repo/staging/src/k8s.io/api/testdata/HEAD/extensions.v1beta1.Ingress.pb due to UnicodeDecodeError
Warning: Skipping file /repo/staging/src/k8s.io/api/testdata/HEAD/extensions.v1beta1.NetworkPolicy.pb due to UnicodeDecodeError
Warning: Skipping file /repo/staging/src/k8s.io/api/testdata/HEAD/extensions.v1beta1.ReplicaSet.pb due to UnicodeDecodeError
Warning: Skipping file /repo/staging/src/k8s.io/api/testdata/HEAD/extensions.v1beta1.Scale.pb due to UnicodeDecodeError
Warning: Skipping file /repo/staging/src/k8s.io/api/testdata/HEAD/flowcontrol.apiserver.k8s.io.v1.FlowSchema.pb due to UnicodeDecodeError
Warning: Skipping file /repo/staging/src/k8s.io/api/testdata/HEAD/flowcontrol.apiserver.k8s.io.v1.PriorityLevelConfiguration.pb due to UnicodeDecodeError
Warning: Skipping file /repo/staging/src/k8s.io/api/testdata/HEAD/flowcontrol.apiserver.k8s.io.v1beta1.FlowSchema.pb due to UnicodeDecodeError
Warning: Skipping file /repo/staging/src/k8s.io/api/testdata/HEAD/flowcontrol.apiserver.k8s.io.v1beta1.PriorityLevelConfiguration.pb due to UnicodeDecodeError
Warning: Skipping file /repo/staging/src/k8s.io/api/testdata/HEAD/flowcontrol.apiserver.k8s.io.v1beta2.FlowSchema.pb due to UnicodeDecodeError
Warning: Skipping file /repo/staging/src/k8s.io/api/testdata/HEAD/flowcontrol.apiserver.k8s.io.v1beta2.PriorityLevelConfiguration.pb due to UnicodeDecodeError
Warning: Skipping file /repo/staging/src/k8s.io/api/testdata/HEAD/flowcontrol.apiserver.k8s.io.v1beta3.FlowSchema.pb due to UnicodeDecodeError
Warning: Skipping file /repo/staging/src/k8s.io/api/testdata/HEAD/flowcontrol.apiserver.k8s.io.v1beta3.PriorityLevelConfiguration.pb due to UnicodeDecodeError
Warning: Skipping file /repo/staging/src/k8s.io/api/testdata/HEAD/imagepolicy.k8s.io.v1alpha1.ImageReview.pb due to UnicodeDecodeError
Warning: Skipping file /repo/staging/src/k8s.io/api/testdata/HEAD/internal.apiserver.k8s.io.v1alpha1.StorageVersion.pb due to UnicodeDecodeError
Warning: Skipping file /repo/staging/src/k8s.io/api/testdata/HEAD/lifecycle.k8s.io.v1alpha1.Eviction.pb due to UnicodeDecodeError
Warning: Skipping file /repo/staging/src/k8s.io/api/testdata/HEAD/lifecycle.k8s.io.v1alpha1.EvictionRequest.pb due to UnicodeDecodeError
Warning: Skipping file /repo/staging/src/k8s.io/api/testdata/HEAD/networking.k8s.io.v1.IPAddress.pb due to UnicodeDecodeError
Warning: Skipping file /repo/staging/src/k8s.io/api/testdata/HEAD/networking.k8s.io.v1.Ingress.pb due to UnicodeDecodeError
Warning: Skipping file /repo/staging/src/k8s.io/api/testdata/HEAD/networking.k8s.io.v1.IngressClass.pb due to UnicodeDecodeError
Warning: Skipping file /repo/staging/src/k8s.io/api/testdata/HEAD/networking.k8s.io.v1.NetworkPolicy.pb due to UnicodeDecodeError
Warning: Skipping file /repo/staging/src/k8s.io/api/testdata/HEAD/networking.k8s.io.v1.ServiceCIDR.pb due to UnicodeDecodeError
Warning: Skipping file /repo/staging/src/k8s.io/api/testdata/HEAD/networking.k8s.io.v1beta1.IPAddress.pb due to UnicodeDecodeError
Warning: Skipping file /repo/staging/src/k8s.io/api/testdata/HEAD/networking.k8s.io.v1beta1.Ingress.pb due to UnicodeDecodeError
Warning: Skipping file /repo/staging/src/k8s.io/api/testdata/HEAD/networking.k8s.io.v1beta1.IngressClass.pb due to UnicodeDecodeError
Warning: Skipping file /repo/staging/src/k8s.io/api/testdata/HEAD/networking.k8s.io.v1beta1.ServiceCIDR.pb due to UnicodeDecodeError
Warning: Skipping file /repo/staging/src/k8s.io/api/testdata/HEAD/node.k8s.io.v1.RuntimeClass.pb due to UnicodeDecodeError
Warning: Skipping file /repo/staging/src/k8s.io/api/testdata/HEAD/node.k8s.io.v1alpha1.RuntimeClass.pb due to UnicodeDecodeError
Warning: Skipping file /repo/staging/src/k8s.io/api/testdata/HEAD/node.k8s.io.v1beta1.RuntimeClass.pb due to UnicodeDecodeError
Warning: Skipping file /repo/staging/src/k8s.io/api/testdata/HEAD/policy.v1.Eviction.pb due to UnicodeDecodeError
Warning: Skipping file /repo/staging/src/k8s.io/api/testdata/HEAD/policy.v1.PodDisruptionBudget.pb due to UnicodeDecodeError
Warning: Skipping file /repo/staging/src/k8s.io/api/testdata/HEAD/policy.v1beta1.Eviction.pb due to UnicodeDecodeError
Warning: Skipping file /repo/staging/src/k8s.io/api/testdata/HEAD/policy.v1beta1.PodDisruptionBudget.pb due to UnicodeDecodeError
Warning: Skipping file /repo/staging/src/k8s.io/api/testdata/HEAD/rbac.authorization.k8s.io.v1.ClusterRole.pb due to UnicodeDecodeError
Warning: Skipping file /repo/staging/src/k8s.io/api/testdata/HEAD/rbac.authorization.k8s.io.v1.ClusterRoleBinding.pb due to UnicodeDecodeError
Warning: Skipping file /repo/staging/src/k8s.io/api/testdata/HEAD/rbac.authorization.k8s.io.v1.Role.pb due to UnicodeDecodeError
Warning: Skipping file /repo/staging/src/k8s.io/api/testdata/HEAD/rbac.authorization.k8s.io.v1.RoleBinding.pb due to UnicodeDecodeError
Warning: Skipping file /repo/staging/src/k8s.io/api/testdata/HEAD/rbac.authorization.k8s.io.v1alpha1.ClusterRole.pb due to UnicodeDecodeError
Warning: Skipping file /repo/staging/src/k8s.io/api/testdata/HEAD/rbac.authorization.k8s.io.v1alpha1.ClusterRoleBinding.pb due to UnicodeDecodeError
Warning: Skipping file /repo/staging/src/k8s.io/api/testdata/HEAD/rbac.authorization.k8s.io.v1alpha1.Role.pb due to UnicodeDecodeError
Warning: Skipping file /repo/staging/src/k8s.io/api/testdata/HEAD/rbac.authorization.k8s.io.v1alpha1.RoleBinding.pb due to UnicodeDecodeError
Warning: Skipping file /repo/staging/src/k8s.io/api/testdata/HEAD/rbac.authorization.k8s.io.v1beta1.ClusterRole.pb due to UnicodeDecodeError
Warning: Skipping file /repo/staging/src/k8s.io/api/testdata/HEAD/rbac.authorization.k8s.io.v1beta1.ClusterRoleBinding.pb due to UnicodeDecodeError
Warning: Skipping file /repo/staging/src/k8s.io/api/testdata/HEAD/rbac.authorization.k8s.io.v1beta1.Role.pb due to UnicodeDecodeError
Warning: Skipping file /repo/staging/src/k8s.io/api/testdata/HEAD/rbac.authorization.k8s.io.v1beta1.RoleBinding.pb due to UnicodeDecodeError
Warning: Skipping file /repo/staging/src/k8s.io/api/testdata/HEAD/resource.k8s.io.v1.DeviceClass.pb due to UnicodeDecodeError
Warning: Skipping file /repo/staging/src/k8s.io/api/testdata/HEAD/resource.k8s.io.v1.DeviceTaintRule.pb due to UnicodeDecodeError
Warning: Skipping file /repo/staging/src/k8s.io/api/testdata/HEAD/resource.k8s.io.v1.ResourceClaim.pb due to UnicodeDecodeError
Warning: Skipping file /repo/staging/src/k8s.io/api/testdata/HEAD/resource.k8s.io.v1.ResourceClaimTemplate.pb due to UnicodeDecodeError
Warning: Skipping file /repo/staging/src/k8s.io/api/testdata/HEAD/resource.k8s.io.v1.ResourceSlice.pb due to UnicodeDecodeError
Warning: Skipping file /repo/staging/src/k8s.io/api/testdata/HEAD/resource.k8s.io.v1alpha3.DeviceTaintRule.pb due to UnicodeDecodeError
Warning: Skipping file /repo/staging/src/k8s.io/api/testdata/HEAD/resource.k8s.io.v1alpha3.ResourcePoolStatusRequest.pb due to UnicodeDecodeError
Warning: Skipping file /repo/staging/src/k8s.io/api/testdata/HEAD/resource.k8s.io.v1beta1.DeviceClass.pb due to UnicodeDecodeError
Warning: Skipping file /repo/staging/src/k8s.io/api/testdata/HEAD/resource.k8s.io.v1beta1.ResourceClaim.pb due to UnicodeDecodeError
Warning: Skipping file /repo/staging/src/k8s.io/api/testdata/HEAD/resource.k8s.io.v1beta1.ResourceClaimTemplate.pb due to UnicodeDecodeError
Warning: Skipping file /repo/staging/src/k8s.io/api/testdata/HEAD/resource.k8s.io.v1beta1.ResourceSlice.pb due to UnicodeDecodeError
Warning: Skipping file /repo/staging/src/k8s.io/api/testdata/HEAD/resource.k8s.io.v1beta2.DeviceClass.pb due to UnicodeDecodeError
Warning: Skipping file /repo/staging/src/k8s.io/api/testdata/HEAD/resource.k8s.io.v1beta2.DeviceTaintRule.pb due to UnicodeDecodeError
Warning: Skipping file /repo/staging/src/k8s.io/api/testdata/HEAD/resource.k8s.io.v1beta2.ResourceClaim.pb due to UnicodeDecodeError
Warning: Skipping file /repo/staging/src/k8s.io/api/testdata/HEAD/resource.k8s.io.v1beta2.ResourceClaimTemplate.pb due to UnicodeDecodeError
Warning: Skipping file /repo/staging/src/k8s.io/api/testdata/HEAD/resource.k8s.io.v1beta2.ResourceSlice.pb due to UnicodeDecodeError
Warning: Skipping file /repo/staging/src/k8s.io/api/testdata/HEAD/scheduling.k8s.io.v1.PriorityClass.pb due to UnicodeDecodeError
Warning: Skipping file /repo/staging/src/k8s.io/api/testdata/HEAD/scheduling.k8s.io.v1alpha3.CompositePodGroup.pb due to UnicodeDecodeError
Warning: Skipping file /repo/staging/src/k8s.io/api/testdata/HEAD/scheduling.k8s.io.v1alpha3.PodGroup.pb due to UnicodeDecodeError
Warning: Skipping file /repo/staging/src/k8s.io/api/testdata/HEAD/scheduling.k8s.io.v1alpha3.Workload.pb due to UnicodeDecodeError
Warning: Skipping file /repo/staging/src/k8s.io/api/testdata/HEAD/scheduling.k8s.io.v1beta1.PodGroup.pb due to UnicodeDecodeError
Warning: Skipping file /repo/staging/src/k8s.io/api/testdata/HEAD/scheduling.k8s.io.v1beta1.PriorityClass.pb due to UnicodeDecodeError
Warning: Skipping file /repo/staging/src/k8s.io/api/testdata/HEAD/scheduling.k8s.io.v1beta1.Workload.pb due to UnicodeDecodeError
Warning: Skipping file /repo/staging/src/k8s.io/api/testdata/HEAD/storage.k8s.io.v1.CSIDriver.pb due to UnicodeDecodeError
Warning: Skipping file /repo/staging/src/k8s.io/api/testdata/HEAD/storage.k8s.io.v1.CSINode.pb due to UnicodeDecodeError
Warning: Skipping file /repo/staging/src/k8s.io/api/testdata/HEAD/storage.k8s.io.v1.CSIStorageCapacity.pb due to UnicodeDecodeError
Warning: Skipping file /repo/staging/src/k8s.io/api/testdata/HEAD/storage.k8s.io.v1.StorageClass.pb due to UnicodeDecodeError
Warning: Skipping file /repo/staging/src/k8s.io/api/testdata/HEAD/storage.k8s.io.v1.VolumeAttachment.pb due to UnicodeDecodeError
Warning: Skipping file /repo/staging/src/k8s.io/api/testdata/HEAD/storage.k8s.io.v1.VolumeAttributesClass.pb due to UnicodeDecodeError
Warning: Skipping file /repo/staging/src/k8s.io/api/testdata/HEAD/storage.k8s.io.v1alpha1.CSIStorageCapacity.pb due to UnicodeDecodeError
Warning: Skipping file /repo/staging/src/k8s.io/api/testdata/HEAD/storage.k8s.io.v1alpha1.VolumeAttachment.pb due to UnicodeDecodeError
Warning: Skipping file /repo/staging/src/k8s.io/api/testdata/HEAD/storage.k8s.io.v1alpha1.VolumeAttributesClass.pb due to UnicodeDecodeError
Warning: Skipping file /repo/staging/src/k8s.io/api/testdata/HEAD/storage.k8s.io.v1beta1.CSIDriver.pb due to UnicodeDecodeError
Warning: Skipping file /repo/staging/src/k8s.io/api/testdata/HEAD/storage.k8s.io.v1beta1.CSINode.pb due to UnicodeDecodeError
Warning: Skipping file /repo/staging/src/k8s.io/api/testdata/HEAD/storage.k8s.io.v1beta1.CSIStorageCapacity.pb due to UnicodeDecodeError
Warning: Skipping file /repo/staging/src/k8s.io/api/testdata/HEAD/storage.k8s.io.v1beta1.StorageClass.pb due to UnicodeDecodeError
Warning: Skipping file /repo/staging/src/k8s.io/api/testdata/HEAD/storage.k8s.io.v1beta1.VolumeAttachment.pb due to UnicodeDecodeError
Warning: Skipping file /repo/staging/src/k8s.io/api/testdata/HEAD/storage.k8s.io.v1beta1.VolumeAttributesClass.pb due to UnicodeDecodeError
Warning: Skipping file /repo/staging/src/k8s.io/api/testdata/HEAD/storagemigration.k8s.io.v1.StorageVersionMigration.pb due to UnicodeDecodeError
Warning: Skipping file /repo/staging/src/k8s.io/api/testdata/HEAD/storagemigration.k8s.io.v1beta1.StorageVersionMigration.pb due to UnicodeDecodeError
Warning: Skipping file /repo/staging/src/k8s.io/api/testdata/v1.35.0/admission.k8s.io.v1.AdmissionReview.pb due to UnicodeDecodeError
Warning: Skipping file /repo/staging/src/k8s.io/api/testdata/v1.35.0/admission.k8s.io.v1beta1.AdmissionReview.pb due to UnicodeDecodeError
Warning: Skipping file /repo/staging/src/k8s.io/api/testdata/v1.35.0/admissionregistration.k8s.io.v1.MutatingWebhookConfiguration.pb due to UnicodeDecodeError
Warning: Skipping file /repo/staging/src/k8s.io/api/testdata/v1.35.0/admissionregistration.k8s.io.v1.ValidatingAdmissionPolicy.pb due to UnicodeDecodeError
Warning: Skipping file /repo/staging/src/k8s.io/api/testdata/v1.35.0/admissionregistration.k8s.io.v1.ValidatingAdmissionPolicyBinding.pb due to UnicodeDecodeError
Warning: Skipping file /repo/staging/src/k8s.io/api/testdata/v1.35.0/admissionregistration.k8s.io.v1.ValidatingWebhookConfiguration.pb due to UnicodeDecodeError
Warning: Skipping file /repo/staging/src/k8s.io/api/testdata/v1.35.0/admissionregistration.k8s.io.v1alpha1.MutatingAdmissionPolicy.pb due to UnicodeDecodeError
Warning: Skipping file /repo/staging/src/k8s.io/api/testdata/v1.35.0/admissionregistration.k8s.io.v1alpha1.MutatingAdmissionPolicyBinding.pb due to UnicodeDecodeError
Warning: Skipping file /repo/staging/src/k8s.io/api/testdata/v1.35.0/admissionregistration.k8s.io.v1alpha1.ValidatingAdmissionPolicy.pb due to UnicodeDecodeError
Warning: Skipping file /repo/staging/src/k8s.io/api/testdata/v1.35.0/admissionregistration.k8s.io.v1alpha1.ValidatingAdmissionPolicyBinding.pb due to UnicodeDecodeError
Warning: Skipping file /repo/staging/src/k8s.io/api/testdata/v1.35.0/admissionregistration.k8s.io.v1beta1.MutatingAdmissionPolicy.pb due to UnicodeDecodeError
Warning: Skipping file /repo/staging/src/k8s.io/api/testdata/v1.35.0/admissionregistration.k8s.io.v1beta1.MutatingAdmissionPolicyBinding.pb due to UnicodeDecodeError
Warning: Skipping file /repo/staging/src/k8s.io/api/testdata/v1.35.0/admissionregistration.k8s.io.v1beta1.MutatingWebhookConfiguration.pb due to UnicodeDecodeError
Warning: Skipping file /repo/staging/src/k8s.io/api/testdata/v1.35.0/admissionregistration.k8s.io.v1beta1.ValidatingAdmissionPolicy.pb due to UnicodeDecodeError
Warning: Skipping file /repo/staging/src/k8s.io/api/testdata/v1.35.0/admissionregistration.k8s.io.v1beta1.ValidatingAdmissionPolicyBinding.pb due to UnicodeDecodeError
Warning: Skipping file /repo/staging/src/k8s.io/api/testdata/v1.35.0/admissionregistration.k8s.io.v1beta1.ValidatingWebhookConfiguration.pb due to UnicodeDecodeError
Warning: Skipping file /repo/staging/src/k8s.io/api/testdata/v1.35.0/apidiscovery.k8s.io.v2.APIGroupDiscovery.pb due to UnicodeDecodeError
Warning: Skipping file /repo/staging/src/k8s.io/api/testdata/v1.35.0/apidiscovery.k8s.io.v2beta1.APIGroupDiscovery.pb due to UnicodeDecodeError
Warning: Skipping file /repo/staging/src/k8s.io/api/testdata/v1.35.0/apps.v1.ControllerRevision.pb due to UnicodeDecodeError
Warning: Skipping file /repo/staging/src/k8s.io/api/testdata/v1.35.0/apps.v1.DaemonSet.after_roundtrip.pb due to UnicodeDecodeError
Warning: Skipping file /repo/staging/src/k8s.io/api/testdata/v1.35.0/apps.v1.DaemonSet.pb due to UnicodeDecodeError
Warning: Skipping file /repo/staging/src/k8s.io/api/testdata/v1.35.0/apps.v1.Deployment.after_roundtrip.pb due to UnicodeDecodeError
Warning: Skipping file /repo/staging/src/k8s.io/api/testdata/v1.35.0/apps.v1.Deployment.pb due to UnicodeDecodeError
Warning: Skipping file /repo/staging/src/k8s.io/api/testdata/v1.35.0/apps.v1.ReplicaSet.after_roundtrip.pb due to UnicodeDecodeError
Warning: Skipping file /repo/staging/src/k8s.io/api/testdata/v1.35.0/apps.v1.ReplicaSet.pb due to UnicodeDecodeError
Warning: Skipping file /repo/staging/src/k8s.io/api/testdata/v1.35.0/apps.v1.StatefulSet.after_roundtrip.pb due to UnicodeDecodeError
Warning: Skipping file /repo/staging/src/k8s.io/api/testdata/v1.35.0/apps.v1.StatefulSet.pb due to UnicodeDecodeError
Warning: Skipping file /repo/staging/src/k8s.io/api/testdata/v1.35.0/apps.v1beta1.ControllerRevision.pb due to UnicodeDecodeError
Warning: Skipping file /repo/staging/src/k8s.io/api/testdata/v1.35.0/apps.v1beta1.Deployment.after_roundtrip.pb due to UnicodeDecodeError
Warning: Skipping file /repo/staging/src/k8s.io/api/testdata/v1.35.0/apps.v1beta1.Deployment.pb due to UnicodeDecodeError
Warning: Skipping file /repo/staging/src/k8s.io/api/testdata/v1.35.0/apps.v1beta1.Scale.pb due to UnicodeDecodeError
Warning: Skipping file /repo/staging/src/k8s.io/api/testdata/v1.35.0/apps.v1beta1.StatefulSet.after_roundtrip.pb due to UnicodeDecodeError
Warning: Skipping file /repo/staging/src/k8s.io/api/testdata/v1.35.0/apps.v1beta1.StatefulSet.pb due to UnicodeDecodeError
Warning: Skipping file /repo/staging/src/k8s.io/api/testdata/v1.35.0/apps.v1beta2.ControllerRevision.pb due to UnicodeDecodeError
Warning: Skipping file /repo/staging/src/k8s.io/api/testdata/v1.35.0/apps.v1beta2.DaemonSet.after_roundtrip.pb due to UnicodeDecodeError
Warning: Skipping file /repo/staging/src/k8s.io/api/testdata/v1.35.0/apps.v1beta2.DaemonSet.pb due to UnicodeDecodeError
Warning: Skipping file /repo/staging/src/k8s.io/api/testdata/v1.35.0/apps.v1beta2.Deployment.after_roundtrip.pb due to UnicodeDecodeError
Warning: Skipping file /repo/staging/src/k8s.io/api/testdata/v1.35.0/apps.v1beta2.Deployment.pb due to UnicodeDecodeError
Warning: Skipping file /repo/staging/src/k8s.io/api/testdata/v1.35.0/apps.v1beta2.ReplicaSet.after_roundtrip.pb due to UnicodeDecodeError
Warning: Skipping file /repo/staging/src/k8s.io/api/testdata/v1.35.0/apps.v1beta2.ReplicaSet.pb due to UnicodeDecodeError
Warning: Skipping file /repo/staging/src/k8s.io/api/testdata/v1.35.0/apps.v1beta2.Scale.pb due to UnicodeDecodeError
Warning: Skipping file /repo/staging/src/k8s.io/api/testdata/v1.35.0/apps.v1beta2.StatefulSet.after_roundtrip.pb due to UnicodeDecodeError
Warning: Skipping file /repo/staging/src/k8s.io/api/testdata/v1.35.0/apps.v1beta2.StatefulSet.pb due to UnicodeDecodeError
Warning: Skipping file /repo/staging/src/k8s.io/api/testdata/v1.35.0/authentication.k8s.io.v1.SelfSubjectReview.pb due to UnicodeDecodeError
Warning: Skipping file /repo/staging/src/k8s.io/api/testdata/v1.35.0/authentication.k8s.io.v1.TokenRequest.pb due to UnicodeDecodeError
Warning: Skipping file /repo/staging/src/k8s.io/api/testdata/v1.35.0/authentication.k8s.io.v1.TokenReview.pb due to UnicodeDecodeError
Warning: Skipping file /repo/staging/src/k8s.io/api/testdata/v1.35.0/authentication.k8s.io.v1beta1.SelfSubjectReview.pb due to UnicodeDecodeError
Warning: Skipping file /repo/staging/src/k8s.io/api/testdata/v1.35.0/authentication.k8s.io.v1beta1.TokenReview.pb due to UnicodeDecodeError
Warning: Skipping file /repo/staging/src/k8s.io/api/testdata/v1.35.0/authorization.k8s.io.v1.LocalSubjectAccessReview.pb due to UnicodeDecodeError
Warning: Skipping file /repo/staging/src/k8s.io/api/testdata/v1.35.0/authorization.k8s.io.v1.SelfSubjectAccessReview.pb due to UnicodeDecodeError
Warning: Skipping file /repo/staging/src/k8s.io/api/testdata/v1.35.0/authorization.k8s.io.v1.SelfSubjectRulesReview.pb due to UnicodeDecodeError
Warning: Skipping file /repo/staging/src/k8s.io/api/testdata/v1.35.0/authorization.k8s.io.v1.SubjectAccessReview.pb due to UnicodeDecodeError
Warning: Skipping file /repo/staging/src/k8s.io/api/testdata/v1.35.0/authorization.k8s.io.v1beta1.LocalSubjectAccessReview.pb due to UnicodeDecodeError
Warning: Skipping file /repo/staging/src/k8s.io/api/testdata/v1.35.0/authorization.k8s.io.v1beta1.SelfSubjectAccessReview.pb due to UnicodeDecodeError
Warning: Skipping file /repo/staging/src/k8s.io/api/testdata/v1.35.0/authorization.k8s.io.v1beta1.SelfSubjectRulesReview.pb due to UnicodeDecodeError
Warning: Skipping file /repo/staging/src/k8s.io/api/testdata/v1.35.0/authorization.k8s.io.v1beta1.SubjectAccessReview.pb due to UnicodeDecodeError
Warning: Skipping file /repo/staging/src/k8s.io/api/testdata/v1.35.0/autoscaling.v1.HorizontalPodAutoscaler.pb due to UnicodeDecodeError
Warning: Skipping file /repo/staging/src/k8s.io/api/testdata/v1.35.0/autoscaling.v1.Scale.pb due to UnicodeDecodeError
Warning: Skipping file /repo/staging/src/k8s.io/api/testdata/v1.35.0/autoscaling.v2.HorizontalPodAutoscaler.pb due to UnicodeDecodeError
Warning: Skipping file /repo/staging/src/k8s.io/api/testdata/v1.35.0/autoscaling.v2beta1.HorizontalPodAutoscaler.pb due to UnicodeDecodeError
Warning: Skipping file /repo/staging/src/k8s.io/api/testdata/v1.35.0/autoscaling.v2beta2.HorizontalPodAutoscaler.pb due to UnicodeDecodeError
Warning: Skipping file /repo/staging/src/k8s.io/api/testdata/v1.35.0/batch.v1.CronJob.after_roundtrip.pb due to UnicodeDecodeError
Warning: Skipping file /repo/staging/src/k8s.io/api/testdata/v1.35.0/batch.v1.CronJob.pb due to UnicodeDecodeError
Warning: Skipping file /repo/staging/src/k8s.io/api/testdata/v1.35.0/batch.v1.Job.after_roundtrip.pb due to UnicodeDecodeError
Warning: Skipping file /repo/staging/src/k8s.io/api/testdata/v1.35.0/batch.v1.Job.pb due to UnicodeDecodeError
Warning: Skipping file /repo/staging/src/k8s.io/api/testdata/v1.35.0/batch.v1beta1.CronJob.after_roundtrip.pb due to UnicodeDecodeError
Warning: Skipping file /repo/staging/src/k8s.io/api/testdata/v1.35.0/batch.v1beta1.CronJob.pb due to UnicodeDecodeError
Warning: Skipping file /repo/staging/src/k8s.io/api/testdata/v1.35.0/certificates.k8s.io.v1.CertificateSigningRequest.pb due to UnicodeDecodeError
Warning: Skipping file /repo/staging/src/k8s.io/api/testdata/v1.35.0/certificates.k8s.io.v1alpha1.ClusterTrustBundle.pb due to UnicodeDecodeError
Warning: Skipping file /repo/staging/src/k8s.io/api/testdata/v1.35.0/certificates.k8s.io.v1beta1.CertificateSigningRequest.pb due to UnicodeDecodeError
Warning: Skipping file /repo/staging/src/k8s.io/api/testdata/v1.35.0/certificates.k8s.io.v1beta1.ClusterTrustBundle.pb due to UnicodeDecodeError
Warning: Skipping file /repo/staging/src/k8s.io/api/testdata/v1.35.0/certificates.k8s.io.v1beta1.PodCertificateRequest.pb due to UnicodeDecodeError
Warning: Skipping file /repo/staging/src/k8s.io/api/testdata/v1.35.0/coordination.k8s.io.v1.Lease.pb due to UnicodeDecodeError
Warning: Skipping file /repo/staging/src/k8s.io/api/testdata/v1.35.0/coordination.k8s.io.v1alpha2.LeaseCandidate.pb due to UnicodeDecodeError
Warning: Skipping file /repo/staging/src/k8s.io/api/testdata/v1.35.0/coordination.k8s.io.v1beta1.Lease.pb due to UnicodeDecodeError
Warning: Skipping file /repo/staging/src/k8s.io/api/testdata/v1.35.0/coordination.k8s.io.v1beta1.LeaseCandidate.pb due to UnicodeDecodeError
Warning: Skipping file /repo/staging/src/k8s.io/api/testdata/v1.35.0/core.v1.Binding.pb due to UnicodeDecodeError
Warning: Skipping file /repo/staging/src/k8s.io/api/testdata/v1.35.0/core.v1.ComponentStatus.pb due to UnicodeDecodeError
Warning: Skipping file /repo/staging/src/k8s.io/api/testdata/v1.35.0/core.v1.ConfigMap.pb due to UnicodeDecodeError
Warning: Skipping file /repo/staging/src/k8s.io/api/testdata/v1.35.0/core.v1.Endpoints.pb due to UnicodeDecodeError
Warning: Skipping file /repo/staging/src/k8s.io/api/testdata/v1.35.0/core.v1.Event.pb due to UnicodeDecodeError
Warning: Skipping file /repo/staging/src/k8s.io/api/testdata/v1.35.0/core.v1.LimitRange.pb due to UnicodeDecodeError
Warning: Skipping file /repo/staging/src/k8s.io/api/testdata/v1.35.0/core.v1.Namespace.pb due to UnicodeDecodeError
Warning: Skipping file /repo/staging/src/k8s.io/api/testdata/v1.35.0/core.v1.Node.pb due to UnicodeDecodeError
Warning: Skipping file /repo/staging/src/k8s.io/api/testdata/v1.35.0/core.v1.PersistentVolume.pb due to UnicodeDecodeError
Warning: Skipping file /repo/staging/src/k8s.io/api/testdata/v1.35.0/core.v1.PersistentVolumeClaim.pb due to UnicodeDecodeError
Warning: Skipping file /repo/staging/src/k8s.io/api/testdata/v1.35.0/core.v1.Pod.after_roundtrip.pb due to UnicodeDecodeError
Warning: Skipping file /repo/staging/src/k8s.io/api/testdata/v1.35.0/core.v1.Pod.pb due to UnicodeDecodeError
Warning: Skipping file /repo/staging/src/k8s.io/api/testdata/v1.35.0/core.v1.PodLogOptions.pb due to UnicodeDecodeError
Warning: Skipping file /repo/staging/src/k8s.io/api/testdata/v1.35.0/core.v1.PodTemplate.after_roundtrip.pb due to UnicodeDecodeError
Warning: Skipping file /repo/staging/src/k8s.io/api/testdata/v1.35.0/core.v1.PodTemplate.pb due to UnicodeDecodeError
Warning: Skipping file /repo/staging/src/k8s.io/api/testdata/v1.35.0/core.v1.RangeAllocation.pb due to UnicodeDecodeError
Warning: Skipping file /repo/staging/src/k8s.io/api/testdata/v1.35.0/core.v1.ReplicationController.after_roundtrip.pb due to UnicodeDecodeError
Warning: Skipping file /repo/staging/src/k8s.io/api/testdata/v1.35.0/core.v1.ReplicationController.pb due to UnicodeDecodeError
Warning: Skipping file /repo/staging/src/k8s.io/api/testdata/v1.35.0/core.v1.ResourceQuota.pb due to UnicodeDecodeError
Warning: Skipping file /repo/staging/src/k8s.io/api/testdata/v1.35.0/core.v1.Secret.pb due to UnicodeDecodeError
Warning: Skipping file /repo/staging/src/k8s.io/api/testdata/v1.35.0/core.v1.Service.pb due to UnicodeDecodeError
Warning: Skipping file /repo/staging/src/k8s.io/api/testdata/v1.35.0/core.v1.ServiceAccount.pb due to UnicodeDecodeError
Warning: Skipping file /repo/staging/src/k8s.io/api/testdata/v1.35.0/core.v1.Status.pb due to UnicodeDecodeError
Warning: Skipping file /repo/staging/src/k8s.io/api/testdata/v1.35.0/discovery.k8s.io.v1.EndpointSlice.pb due to UnicodeDecodeError
Warning: Skipping file /repo/staging/src/k8s.io/api/testdata/v1.35.0/discovery.k8s.io.v1beta1.EndpointSlice.pb due to UnicodeDecodeError
Warning: Skipping file /repo/staging/src/k8s.io/api/testdata/v1.35.0/events.k8s.io.v1.Event.pb due to UnicodeDecodeError
Warning: Skipping file /repo/staging/src/k8s.io/api/testdata/v1.35.0/events.k8s.io.v1beta1.Event.pb due to UnicodeDecodeError
Warning: Skipping file /repo/staging/src/k8s.io/api/testdata/v1.35.0/extensions.v1beta1.DaemonSet.after_roundtrip.pb due to UnicodeDecodeError
Warning: Skipping file /repo/staging/src/k8s.io/api/testdata/v1.35.0/extensions.v1beta1.DaemonSet.pb due to UnicodeDecodeError
Warning: Skipping file /repo/staging/src/k8s.io/api/testdata/v1.35.0/extensions.v1beta1.Deployment.after_roundtrip.pb due to UnicodeDecodeError
Warning: Skipping file /repo/staging/src/k8s.io/api/testdata/v1.35.0/extensions.v1beta1.Deployment.pb due to UnicodeDecodeError
Warning: Skipping file /repo/staging/src/k8s.io/api/testdata/v1.35.0/extensions.v1beta1.Ingress.pb due to UnicodeDecodeError
Warning: Skipping file /repo/staging/src/k8s.io/api/testdata/v1.35.0/extensions.v1beta1.NetworkPolicy.pb due to UnicodeDecodeError
Warning: Skipping file /repo/staging/src/k8s.io/api/testdata/v1.35.0/extensions.v1beta1.ReplicaSet.after_roundtrip.pb due to UnicodeDecodeError
Warning: Skipping file /repo/staging/src/k8s.io/api/testdata/v1.35.0/extensions.v1beta1.ReplicaSet.pb due to UnicodeDecodeError
Warning: Skipping file /repo/staging/src/k8s.io/api/testdata/v1.35.0/extensions.v1beta1.Scale.pb due to UnicodeDecodeError
Warning: Skipping file /repo/staging/src/k8s.io/api/testdata/v1.35.0/flowcontrol.apiserver.k8s.io.v1.FlowSchema.pb due to UnicodeDecodeError
Warning: Skipping file /repo/staging/src/k8s.io/api/testdata/v1.35.0/flowcontrol.apiserver.k8s.io.v1.PriorityLevelConfiguration.pb due to UnicodeDecodeError
Warning: Skipping file /repo/staging/src/k8s.io/api/testdata/v1.35.0/flowcontrol.apiserver.k8s.io.v1beta1.FlowSchema.pb due to UnicodeDecodeError
Warning: Skipping file /repo/staging/src/k8s.io/api/testdata/v1.35.0/flowcontrol.apiserver.k8s.io.v1beta1.PriorityLevelConfiguration.pb due to UnicodeDecodeError
Warning: Skipping file /repo/staging/src/k8s.io/api/testdata/v1.35.0/flowcontrol.apiserver.k8s.io.v1beta2.FlowSchema.pb due to UnicodeDecodeError
Warning: Skipping file /repo/staging/src/k8s.io/api/testdata/v1.35.0/flowcontrol.apiserver.k8s.io.v1beta2.PriorityLevelConfiguration.pb due to UnicodeDecodeError
Warning: Skipping file /repo/staging/src/k8s.io/api/testdata/v1.35.0/flowcontrol.apiserver.k8s.io.v1beta3.FlowSchema.pb due to UnicodeDecodeError
Warning: Skipping file /repo/staging/src/k8s.io/api/testdata/v1.35.0/flowcontrol.apiserver.k8s.io.v1beta3.PriorityLevelConfiguration.pb due to UnicodeDecodeError
Warning: Skipping file /repo/staging/src/k8s.io/api/testdata/v1.35.0/imagepolicy.k8s.io.v1alpha1.ImageReview.pb due to UnicodeDecodeError
Warning: Skipping file /repo/staging/src/k8s.io/api/testdata/v1.35.0/internal.apiserver.k8s.io.v1alpha1.StorageVersion.pb due to UnicodeDecodeError
Warning: Skipping file /repo/staging/src/k8s.io/api/testdata/v1.35.0/networking.k8s.io.v1.IPAddress.pb due to UnicodeDecodeError
Warning: Skipping file /repo/staging/src/k8s.io/api/testdata/v1.35.0/networking.k8s.io.v1.Ingress.pb due to UnicodeDecodeError
Warning: Skipping file /repo/staging/src/k8s.io/api/testdata/v1.35.0/networking.k8s.io.v1.IngressClass.pb due to UnicodeDecodeError
Warning: Skipping file /repo/staging/src/k8s.io/api/testdata/v1.35.0/networking.k8s.io.v1.NetworkPolicy.pb due to UnicodeDecodeError
Warning: Skipping file /repo/staging/src/k8s.io/api/testdata/v1.35.0/networking.k8s.io.v1.ServiceCIDR.pb due to UnicodeDecodeError
Warning: Skipping file /repo/staging/src/k8s.io/api/testdata/v1.35.0/networking.k8s.io.v1beta1.IPAddress.pb due to UnicodeDecodeError
Warning: Skipping file /repo/staging/src/k8s.io/api/testdata/v1.35.0/networking.k8s.io.v1beta1.Ingress.pb due to UnicodeDecodeError
Warning: Skipping file /repo/staging/src/k8s.io/api/testdata/v1.35.0/networking.k8s.io.v1beta1.IngressClass.pb due to UnicodeDecodeError
Warning: Skipping file /repo/staging/src/k8s.io/api/testdata/v1.35.0/networking.k8s.io.v1beta1.ServiceCIDR.pb due to UnicodeDecodeError
Warning: Skipping file /repo/staging/src/k8s.io/api/testdata/v1.35.0/node.k8s.io.v1.RuntimeClass.pb due to UnicodeDecodeError
Warning: Skipping file /repo/staging/src/k8s.io/api/testdata/v1.35.0/node.k8s.io.v1alpha1.RuntimeClass.pb due to UnicodeDecodeError
Warning: Skipping file /repo/staging/src/k8s.io/api/testdata/v1.35.0/node.k8s.io.v1beta1.RuntimeClass.pb due to UnicodeDecodeError
Warning: Skipping file /repo/staging/src/k8s.io/api/testdata/v1.35.0/policy.v1.Eviction.pb due to UnicodeDecodeError
Warning: Skipping file /repo/staging/src/k8s.io/api/testdata/v1.35.0/policy.v1.PodDisruptionBudget.pb due to UnicodeDecodeError
Warning: Skipping file /repo/staging/src/k8s.io/api/testdata/v1.35.0/policy.v1beta1.Eviction.pb due to UnicodeDecodeError
Warning: Skipping file /repo/staging/src/k8s.io/api/testdata/v1.35.0/policy.v1beta1.PodDisruptionBudget.pb due to UnicodeDecodeError
Warning: Skipping file /repo/staging/src/k8s.io/api/testdata/v1.35.0/rbac.authorization.k8s.io.v1.ClusterRole.pb due to UnicodeDecodeError
Warning: Skipping file /repo/staging/src/k8s.io/api/testdata/v1.35.0/rbac.authorization.k8s.io.v1.ClusterRoleBinding.pb due to UnicodeDecodeError
Warning: Skipping file /repo/staging/src/k8s.io/api/testdata/v1.35.0/rbac.authorization.k8s.io.v1.Role.pb due to UnicodeDecodeError
Warning: Skipping file /repo/staging/src/k8s.io/api/testdata/v1.35.0/rbac.authorization.k8s.io.v1.RoleBinding.pb due to UnicodeDecodeError
Warning: Skipping file /repo/staging/src/k8s.io/api/testdata/v1.35.0/rbac.authorization.k8s.io.v1alpha1.ClusterRole.pb due to UnicodeDecodeError
Warning: Skipping file /repo/staging/src/k8s.io/api/testdata/v1.35.0/rbac.authorization.k8s.io.v1alpha1.ClusterRoleBinding.pb due to UnicodeDecodeError
Warning: Skipping file /repo/staging/src/k8s.io/api/testdata/v1.35.0/rbac.authorization.k8s.io.v1alpha1.Role.pb due to UnicodeDecodeError
Warning: Skipping file /repo/staging/src/k8s.io/api/testdata/v1.35.0/rbac.authorization.k8s.io.v1alpha1.RoleBinding.pb due to UnicodeDecodeError
Warning: Skipping file /repo/staging/src/k8s.io/api/testdata/v1.35.0/rbac.authorization.k8s.io.v1beta1.ClusterRole.pb due to UnicodeDecodeError
Warning: Skipping file /repo/staging/src/k8s.io/api/testdata/v1.35.0/rbac.authorization.k8s.io.v1beta1.ClusterRoleBinding.pb due to UnicodeDecodeError
Warning: Skipping file /repo/staging/src/k8s.io/api/testdata/v1.35.0/rbac.authorization.k8s.io.v1beta1.Role.pb due to UnicodeDecodeError
Warning: Skipping file /repo/staging/src/k8s.io/api/testdata/v1.35.0/rbac.authorization.k8s.io.v1beta1.RoleBinding.pb due to UnicodeDecodeError
Warning: Skipping file /repo/staging/src/k8s.io/api/testdata/v1.35.0/resource.k8s.io.v1.DeviceClass.pb due to UnicodeDecodeError
Warning: Skipping file /repo/staging/src/k8s.io/api/testdata/v1.35.0/resource.k8s.io.v1.ResourceClaim.pb due to UnicodeDecodeError
Warning: Skipping file /repo/staging/src/k8s.io/api/testdata/v1.35.0/resource.k8s.io.v1.ResourceClaimTemplate.pb due to UnicodeDecodeError
Warning: Skipping file /repo/staging/src/k8s.io/api/testdata/v1.35.0/resource.k8s.io.v1.ResourceSlice.pb due to UnicodeDecodeError
Warning: Skipping file /repo/staging/src/k8s.io/api/testdata/v1.35.0/resource.k8s.io.v1alpha3.DeviceTaintRule.pb due to UnicodeDecodeError
Warning: Skipping file /repo/staging/src/k8s.io/api/testdata/v1.35.0/resource.k8s.io.v1beta1.DeviceClass.pb due to UnicodeDecodeError
Warning: Skipping file /repo/staging/src/k8s.io/api/testdata/v1.35.0/resource.k8s.io.v1beta1.ResourceClaim.pb due to UnicodeDecodeError
Warning: Skipping file /repo/staging/src/k8s.io/api/testdata/v1.35.0/resource.k8s.io.v1beta1.ResourceClaimTemplate.pb due to UnicodeDecodeError
Warning: Skipping file /repo/staging/src/k8s.io/api/testdata/v1.35.0/resource.k8s.io.v1beta1.ResourceSlice.pb due to UnicodeDecodeError
Warning: Skipping file /repo/staging/src/k8s.io/api/testdata/v1.35.0/resource.k8s.io.v1beta2.DeviceClass.pb due to UnicodeDecodeError
Warning: Skipping file /repo/staging/src/k8s.io/api/testdata/v1.35.0/resource.k8s.io.v1beta2.ResourceClaim.pb due to UnicodeDecodeError
Warning: Skipping file /repo/staging/src/k8s.io/api/testdata/v1.35.0/resource.k8s.io.v1beta2.ResourceClaimTemplate.pb due to UnicodeDecodeError
Warning: Skipping file /repo/staging/src/k8s.io/api/testdata/v1.35.0/resource.k8s.io.v1beta2.ResourceSlice.pb due to UnicodeDecodeError
Warning: Skipping file /repo/staging/src/k8s.io/api/testdata/v1.35.0/scheduling.k8s.io.v1.PriorityClass.pb due to UnicodeDecodeError
Warning: Skipping file /repo/staging/src/k8s.io/api/testdata/v1.35.0/scheduling.k8s.io.v1alpha1.PriorityClass.pb due to UnicodeDecodeError
Warning: Skipping file /repo/staging/src/k8s.io/api/testdata/v1.35.0/scheduling.k8s.io.v1alpha1.Workload.pb due to UnicodeDecodeError
Warning: Skipping file /repo/staging/src/k8s.io/api/testdata/v1.35.0/scheduling.k8s.io.v1beta1.PriorityClass.pb due to UnicodeDecodeError
Warning: Skipping file /repo/staging/src/k8s.io/api/testdata/v1.35.0/storage.k8s.io.v1.CSIDriver.pb due to UnicodeDecodeError
Warning: Skipping file /repo/staging/src/k8s.io/api/testdata/v1.35.0/storage.k8s.io.v1.CSINode.after_roundtrip.pb due to UnicodeDecodeError
Warning: Skipping file /repo/staging/src/k8s.io/api/testdata/v1.35.0/storage.k8s.io.v1.CSINode.pb due to UnicodeDecodeError
Warning: Skipping file /repo/staging/src/k8s.io/api/testdata/v1.35.0/storage.k8s.io.v1.CSIStorageCapacity.pb due to UnicodeDecodeError
Warning: Skipping file /repo/staging/src/k8s.io/api/testdata/v1.35.0/storage.k8s.io.v1.StorageClass.pb due to UnicodeDecodeError
Warning: Skipping file /repo/staging/src/k8s.io/api/testdata/v1.35.0/storage.k8s.io.v1.VolumeAttachment.pb due to UnicodeDecodeError
Warning: Skipping file /repo/staging/src/k8s.io/api/testdata/v1.35.0/storage.k8s.io.v1.VolumeAttributesClass.pb due to UnicodeDecodeError
Warning: Skipping file /repo/staging/src/k8s.io/api/testdata/v1.35.0/storage.k8s.io.v1alpha1.CSIStorageCapacity.pb due to UnicodeDecodeError
Warning: Skipping file /repo/staging/src/k8s.io/api/testdata/v1.35.0/storage.k8s.io.v1alpha1.VolumeAttachment.pb due to UnicodeDecodeError
Warning: Skipping file /repo/staging/src/k8s.io/api/testdata/v1.35.0/storage.k8s.io.v1alpha1.VolumeAttributesClass.pb due to UnicodeDecodeError
Warning: Skipping file /repo/staging/src/k8s.io/api/testdata/v1.35.0/storage.k8s.io.v1beta1.CSIDriver.pb due to UnicodeDecodeError
Warning: Skipping file /repo/staging/src/k8s.io/api/testdata/v1.35.0/storage.k8s.io.v1beta1.CSINode.after_roundtrip.pb due to UnicodeDecodeError
Warning: Skipping file /repo/staging/src/k8s.io/api/testdata/v1.35.0/storage.k8s.io.v1beta1.CSINode.pb due to UnicodeDecodeError
Warning: Skipping file /repo/staging/src/k8s.io/api/testdata/v1.35.0/storage.k8s.io.v1beta1.CSIStorageCapacity.pb due to UnicodeDecodeError
Warning: Skipping file /repo/staging/src/k8s.io/api/testdata/v1.35.0/storage.k8s.io.v1beta1.StorageClass.pb due to UnicodeDecodeError
Warning: Skipping file /repo/staging/src/k8s.io/api/testdata/v1.35.0/storage.k8s.io.v1beta1.VolumeAttachment.pb due to UnicodeDecodeError
Warning: Skipping file /repo/staging/src/k8s.io/api/testdata/v1.35.0/storage.k8s.io.v1beta1.VolumeAttributesClass.pb due to UnicodeDecodeError
Warning: Skipping file /repo/staging/src/k8s.io/api/testdata/v1.35.0/storagemigration.k8s.io.v1beta1.StorageVersionMigration.pb due to UnicodeDecodeError
Warning: Skipping file /repo/staging/src/k8s.io/api/testdata/v1.36.0/admission.k8s.io.v1.AdmissionReview.pb due to UnicodeDecodeError
Warning: Skipping file /repo/staging/src/k8s.io/api/testdata/v1.36.0/admission.k8s.io.v1beta1.AdmissionReview.pb due to UnicodeDecodeError
Warning: Skipping file /repo/staging/src/k8s.io/api/testdata/v1.36.0/admissionregistration.k8s.io.v1.MutatingAdmissionPolicy.pb due to UnicodeDecodeError
Warning: Skipping file /repo/staging/src/k8s.io/api/testdata/v1.36.0/admissionregistration.k8s.io.v1.MutatingAdmissionPolicyBinding.pb due to UnicodeDecodeError
Warning: Skipping file /repo/staging/src/k8s.io/api/testdata/v1.36.0/admissionregistration.k8s.io.v1.MutatingWebhookConfiguration.pb due to UnicodeDecodeError
Warning: Skipping file /repo/staging/src/k8s.io/api/testdata/v1.36.0/admissionregistration.k8s.io.v1.ValidatingAdmissionPolicy.pb due to UnicodeDecodeError
Warning: Skipping file /repo/staging/src/k8s.io/api/testdata/v1.36.0/admissionregistration.k8s.io.v1.ValidatingAdmissionPolicyBinding.pb due to UnicodeDecodeError
Warning: Skipping file /repo/staging/src/k8s.io/api/testdata/v1.36.0/admissionregistration.k8s.io.v1.ValidatingWebhookConfiguration.pb due to UnicodeDecodeError
Warning: Skipping file /repo/staging/src/k8s.io/api/testdata/v1.36.0/admissionregistration.k8s.io.v1alpha1.MutatingAdmissionPolicy.pb due to UnicodeDecodeError
Warning: Skipping file /repo/staging/src/k8s.io/api/testdata/v1.36.0/admissionregistration.k8s.io.v1alpha1.MutatingAdmissionPolicyBinding.pb due to UnicodeDecodeError
Warning: Skipping file /repo/staging/src/k8s.io/api/testdata/v1.36.0/admissionregistration.k8s.io.v1alpha1.ValidatingAdmissionPolicy.pb due to UnicodeDecodeError
Warning: Skipping file /repo/staging/src/k8s.io/api/testdata/v1.36.0/admissionregistration.k8s.io.v1alpha1.ValidatingAdmissionPolicyBinding.pb due to UnicodeDecodeError
Warning: Skipping file /repo/staging/src/k8s.io/api/testdata/v1.36.0/admissionregistration.k8s.io.v1beta1.MutatingAdmissionPolicy.pb due to UnicodeDecodeError
Warning: Skipping file /repo/staging/src/k8s.io/api/testdata/v1.36.0/admissionregistration.k8s.io.v1beta1.MutatingAdmissionPolicyBinding.pb due to UnicodeDecodeError
Warning: Skipping file /repo/staging/src/k8s.io/api/testdata/v1.36.0/admissionregistration.k8s.io.v1beta1.MutatingWebhookConfiguration.pb due to UnicodeDecodeError
Warning: Skipping file /repo/staging/src/k8s.io/api/testdata/v1.36.0/admissionregistration.k8s.io.v1beta1.ValidatingAdmissionPolicy.pb due to UnicodeDecodeError
Warning: Skipping file /repo/staging/src/k8s.io/api/testdata/v1.36.0/admissionregistration.k8s.io.v1beta1.ValidatingAdmissionPolicyBinding.pb due to UnicodeDecodeError
Warning: Skipping file /repo/staging/src/k8s.io/api/testdata/v1.36.0/admissionregistration.k8s.io.v1beta1.ValidatingWebhookConfiguration.pb due to UnicodeDecodeError
Warning: Skipping file /repo/staging/src/k8s.io/api/testdata/v1.36.0/apidiscovery.k8s.io.v2.APIGroupDiscovery.pb due to UnicodeDecodeError
Warning: Skipping file /repo/staging/src/k8s.io/api/testdata/v1.36.0/apidiscovery.k8s.io.v2beta1.APIGroupDiscovery.pb due to UnicodeDecodeError
Warning: Skipping file /repo/staging/src/k8s.io/api/testdata/v1.36.0/apps.v1.ControllerRevision.pb due to UnicodeDecodeError
Warning: Skipping file /repo/staging/src/k8s.io/api/testdata/v1.36.0/apps.v1.DaemonSet.pb due to UnicodeDecodeError
Warning: Skipping file /repo/staging/src/k8s.io/api/testdata/v1.36.0/apps.v1.Deployment.pb due to UnicodeDecodeError
Warning: Skipping file /repo/staging/src/k8s.io/api/testdata/v1.36.0/apps.v1.ReplicaSet.pb due to UnicodeDecodeError
Warning: Skipping file /repo/staging/src/k8s.io/api/testdata/v1.36.0/apps.v1.StatefulSet.pb due to UnicodeDecodeError
Warning: Skipping file /repo/staging/src/k8s.io/api/testdata/v1.36.0/apps.v1beta1.ControllerRevision.pb due to UnicodeDecodeError
Warning: Skipping file /repo/staging/src/k8s.io/api/testdata/v1.36.0/apps.v1beta1.Deployment.pb due to UnicodeDecodeError
Warning: Skipping file /repo/staging/src/k8s.io/api/testdata/v1.36.0/apps.v1beta1.Scale.pb due to UnicodeDecodeError
Warning: Skipping file /repo/staging/src/k8s.io/api/testdata/v1.36.0/apps.v1beta1.StatefulSet.pb due to UnicodeDecodeError
Warning: Skipping file /repo/staging/src/k8s.io/api/testdata/v1.36.0/apps.v1beta2.ControllerRevision.pb due to UnicodeDecodeError
Warning: Skipping file /repo/staging/src/k8s.io/api/testdata/v1.36.0/apps.v1beta2.DaemonSet.pb due to UnicodeDecodeError
Warning: Skipping file /repo/staging/src/k8s.io/api/testdata/v1.36.0/apps.v1beta2.Deployment.pb due to UnicodeDecodeError
Warning: Skipping file /repo/staging/src/k8s.io/api/testdata/v1.36.0/apps.v1beta2.ReplicaSet.pb due to UnicodeDecodeError
Warning: Skipping file /repo/staging/src/k8s.io/api/testdata/v1.36.0/apps.v1beta2.Scale.pb due to UnicodeDecodeError
Warning: Skipping file /repo/staging/src/k8s.io/api/testdata/v1.36.0/apps.v1beta2.StatefulSet.pb due to UnicodeDecodeError
Warning: Skipping file /repo/staging/src/k8s.io/api/testdata/v1.36.0/authentication.k8s.io.v1.SelfSubjectReview.pb due to UnicodeDecodeError
Warning: Skipping file /repo/staging/src/k8s.io/api/testdata/v1.36.0/authentication.k8s.io.v1.TokenRequest.pb due to UnicodeDecodeError
Warning: Skipping file /repo/staging/src/k8s.io/api/testdata/v1.36.0/authentication.k8s.io.v1.TokenReview.pb due to UnicodeDecodeError
Warning: Skipping file /repo/staging/src/k8s.io/api/testdata/v1.36.0/authentication.k8s.io.v1beta1.SelfSubjectReview.pb due to UnicodeDecodeError
Warning: Skipping file /repo/staging/src/k8s.io/api/testdata/v1.36.0/authentication.k8s.io.v1beta1.TokenReview.pb due to UnicodeDecodeError
Warning: Skipping file /repo/staging/src/k8s.io/api/testdata/v1.36.0/authorization.k8s.io.v1.LocalSubjectAccessReview.pb due to UnicodeDecodeError
Warning: Skipping file /repo/staging/src/k8s.io/api/testdata/v1.36.0/authorization.k8s.io.v1.SelfSubjectAccessReview.pb due to UnicodeDecodeError
Warning: Skipping file /repo/staging/src/k8s.io/api/testdata/v1.36.0/authorization.k8s.io.v1.SelfSubjectRulesReview.pb due to UnicodeDecodeError
Warning: Skipping file /repo/staging/src/k8s.io/api/testdata/v1.36.0/authorization.k8s.io.v1.SubjectAccessReview.pb due to UnicodeDecodeError
Warning: Skipping file /repo/staging/src/k8s.io/api/testdata/v1.36.0/authorization.k8s.io.v1beta1.LocalSubjectAccessReview.pb due to UnicodeDecodeError
Warning: Skipping file /repo/staging/src/k8s.io/api/testdata/v1.36.0/authorization.k8s.io.v1beta1.SelfSubjectAccessReview.pb due to UnicodeDecodeError
Warning: Skipping file /repo/staging/src/k8s.io/api/testdata/v1.36.0/authorization.k8s.io.v1beta1.SelfSubjectRulesReview.pb due to UnicodeDecodeError
Warning: Skipping file /repo/staging/src/k8s.io/api/testdata/v1.36.0/authorization.k8s.io.v1beta1.SubjectAccessReview.pb due to UnicodeDecodeError
Warning: Skipping file /repo/staging/src/k8s.io/api/testdata/v1.36.0/autoscaling.v1.HorizontalPodAutoscaler.pb due to UnicodeDecodeError
Warning: Skipping file /repo/staging/src/k8s.io/api/testdata/v1.36.0/autoscaling.v1.Scale.pb due to UnicodeDecodeError
Warning: Skipping file /repo/staging/src/k8s.io/api/testdata/v1.36.0/autoscaling.v2.HorizontalPodAutoscaler.pb due to UnicodeDecodeError
Warning: Skipping file /repo/staging/src/k8s.io/api/testdata/v1.36.0/batch.v1.CronJob.pb due to UnicodeDecodeError
Warning: Skipping file /repo/staging/src/k8s.io/api/testdata/v1.36.0/batch.v1.Job.pb due to UnicodeDecodeError
Warning: Skipping file /repo/staging/src/k8s.io/api/testdata/v1.36.0/batch.v1beta1.CronJob.pb due to UnicodeDecodeError
Warning: Skipping file /repo/staging/src/k8s.io/api/testdata/v1.36.0/certificates.k8s.io.v1.CertificateSigningRequest.pb due to UnicodeDecodeError
Warning: Skipping file /repo/staging/src/k8s.io/api/testdata/v1.36.0/certificates.k8s.io.v1alpha1.ClusterTrustBundle.pb due to UnicodeDecodeError
Warning: Skipping file /repo/staging/src/k8s.io/api/testdata/v1.36.0/certificates.k8s.io.v1beta1.CertificateSigningRequest.pb due to UnicodeDecodeError
Warning: Skipping file /repo/staging/src/k8s.io/api/testdata/v1.36.0/certificates.k8s.io.v1beta1.ClusterTrustBundle.pb due to UnicodeDecodeError
Warning: Skipping file /repo/staging/src/k8s.io/api/testdata/v1.36.0/certificates.k8s.io.v1beta1.PodCertificateRequest.pb due to UnicodeDecodeError
Warning: Skipping file /repo/staging/src/k8s.io/api/testdata/v1.36.0/coordination.k8s.io.v1.Lease.pb due to UnicodeDecodeError
Warning: Skipping file /repo/staging/src/k8s.io/api/testdata/v1.36.0/coordination.k8s.io.v1alpha2.LeaseCandidate.pb due to UnicodeDecodeError
Warning: Skipping file /repo/staging/src/k8s.io/api/testdata/v1.36.0/coordination.k8s.io.v1beta1.Lease.pb due to UnicodeDecodeError
Warning: Skipping file /repo/staging/src/k8s.io/api/testdata/v1.36.0/coordination.k8s.io.v1beta1.LeaseCandidate.pb due to UnicodeDecodeError
Warning: Skipping file /repo/staging/src/k8s.io/api/testdata/v1.36.0/core.v1.Binding.pb due to UnicodeDecodeError
Warning: Skipping file /repo/staging/src/k8s.io/api/testdata/v1.36.0/core.v1.ComponentStatus.pb due to UnicodeDecodeError
Warning: Skipping file /repo/staging/src/k8s.io/api/testdata/v1.36.0/core.v1.ConfigMap.pb due to UnicodeDecodeError
Warning: Skipping file /repo/staging/src/k8s.io/api/testdata/v1.36.0/core.v1.Endpoints.pb due to UnicodeDecodeError
Warning: Skipping file /repo/staging/src/k8s.io/api/testdata/v1.36.0/core.v1.Event.pb due to UnicodeDecodeError
Warning: Skipping file /repo/staging/src/k8s.io/api/testdata/v1.36.0/core.v1.LimitRange.pb due to UnicodeDecodeError
Warning: Skipping file /repo/staging/src/k8s.io/api/testdata/v1.36.0/core.v1.ListOptions.pb due to UnicodeDecodeError
Warning: Skipping file /repo/staging/src/k8s.io/api/testdata/v1.36.0/core.v1.Namespace.pb due to UnicodeDecodeError
Warning: Skipping file /repo/staging/src/k8s.io/api/testdata/v1.36.0/core.v1.Node.pb due to UnicodeDecodeError
Warning: Skipping file /repo/staging/src/k8s.io/api/testdata/v1.36.0/core.v1.PersistentVolume.pb due to UnicodeDecodeError
Warning: Skipping file /repo/staging/src/k8s.io/api/testdata/v1.36.0/core.v1.PersistentVolumeClaim.pb due to UnicodeDecodeError
Warning: Skipping file /repo/staging/src/k8s.io/api/testdata/v1.36.0/core.v1.Pod.after_roundtrip.pb due to UnicodeDecodeError
Warning: Skipping file /repo/staging/src/k8s.io/api/testdata/v1.36.0/core.v1.Pod.pb due to UnicodeDecodeError
Warning: Skipping file /repo/staging/src/k8s.io/api/testdata/v1.36.0/core.v1.PodLogOptions.pb due to UnicodeDecodeError
Warning: Skipping file /repo/staging/src/k8s.io/api/testdata/v1.36.0/core.v1.PodTemplate.pb due to UnicodeDecodeError
Warning: Skipping file /repo/staging/src/k8s.io/api/testdata/v1.36.0/core.v1.RangeAllocation.pb due to UnicodeDecodeError
Warning: Skipping file /repo/staging/src/k8s.io/api/testdata/v1.36.0/core.v1.ReplicationController.pb due to UnicodeDecodeError
Warning: Skipping file /repo/staging/src/k8s.io/api/testdata/v1.36.0/core.v1.ResourceQuota.pb due to UnicodeDecodeError
Warning: Skipping file /repo/staging/src/k8s.io/api/testdata/v1.36.0/core.v1.Secret.pb due to UnicodeDecodeError
Warning: Skipping file /repo/staging/src/k8s.io/api/testdata/v1.36.0/core.v1.Service.pb due to UnicodeDecodeError
Warning: Skipping file /repo/staging/src/k8s.io/api/testdata/v1.36.0/core.v1.ServiceAccount.pb due to UnicodeDecodeError
Warning: Skipping file /repo/staging/src/k8s.io/api/testdata/v1.36.0/core.v1.Status.pb due to UnicodeDecodeError
Warning: Skipping file /repo/staging/src/k8s.io/api/testdata/v1.36.0/discovery.k8s.io.v1.EndpointSlice.pb due to UnicodeDecodeError
Warning: Skipping file /repo/staging/src/k8s.io/api/testdata/v1.36.0/discovery.k8s.io.v1beta1.EndpointSlice.pb due to UnicodeDecodeError
Warning: Skipping file /repo/staging/src/k8s.io/api/testdata/v1.36.0/events.k8s.io.v1.Event.pb due to UnicodeDecodeError
Warning: Skipping file /repo/staging/src/k8s.io/api/testdata/v1.36.0/events.k8s.io.v1beta1.Event.pb due to UnicodeDecodeError
Warning: Skipping file /repo/staging/src/k8s.io/api/testdata/v1.36.0/extensions.v1beta1.DaemonSet.pb due to UnicodeDecodeError
Warning: Skipping file /repo/staging/src/k8s.io/api/testdata/v1.36.0/extensions.v1beta1.Deployment.pb due to UnicodeDecodeError
Warning: Skipping file /repo/staging/src/k8s.io/api/testdata/v1.36.0/extensions.v1beta1.Ingress.pb due to UnicodeDecodeError
Warning: Skipping file /repo/staging/src/k8s.io/api/testdata/v1.36.0/extensions.v1beta1.NetworkPolicy.pb due to UnicodeDecodeError
Warning: Skipping file /repo/staging/src/k8s.io/api/testdata/v1.36.0/extensions.v1beta1.ReplicaSet.pb due to UnicodeDecodeError
Warning: Skipping file /repo/staging/src/k8s.io/api/testdata/v1.36.0/extensions.v1beta1.Scale.pb due to UnicodeDecodeError
Warning: Skipping file /repo/staging/src/k8s.io/api/testdata/v1.36.0/flowcontrol.apiserver.k8s.io.v1.FlowSchema.pb due to UnicodeDecodeError
Warning: Skipping file /repo/staging/src/k8s.io/api/testdata/v1.36.0/flowcontrol.apiserver.k8s.io.v1.PriorityLevelConfiguration.pb due to UnicodeDecodeError
Warning: Skipping file /repo/staging/src/k8s.io/api/testdata/v1.36.0/flowcontrol.apiserver.k8s.io.v1beta1.FlowSchema.pb due to UnicodeDecodeError
Warning: Skipping file /repo/staging/src/k8s.io/api/testdata/v1.36.0/flowcontrol.apiserver.k8s.io.v1beta1.PriorityLevelConfiguration.pb due to UnicodeDecodeError
Warning: Skipping file /repo/staging/src/k8s.io/api/testdata/v1.36.0/flowcontrol.apiserver.k8s.io.v1beta2.FlowSchema.pb due to UnicodeDecodeError
Warning: Skipping file /repo/staging/src/k8s.io/api/testdata/v1.36.0/flowcontrol.apiserver.k8s.io.v1beta2.PriorityLevelConfiguration.pb due to UnicodeDecodeError
Warning: Skipping file /repo/staging/src/k8s.io/api/testdata/v1.36.0/flowcontrol.apiserver.k8s.io.v1beta3.FlowSchema.pb due to UnicodeDecodeError
Warning: Skipping file /repo/staging/src/k8s.io/api/testdata/v1.36.0/flowcontrol.apiserver.k8s.io.v1beta3.PriorityLevelConfiguration.pb due to UnicodeDecodeError
Warning: Skipping file /repo/staging/src/k8s.io/api/testdata/v1.36.0/imagepolicy.k8s.io.v1alpha1.ImageReview.pb due to UnicodeDecodeError
Warning: Skipping file /repo/staging/src/k8s.io/api/testdata/v1.36.0/internal.apiserver.k8s.io.v1alpha1.StorageVersion.pb due to UnicodeDecodeError
Warning: Skipping file /repo/staging/src/k8s.io/api/testdata/v1.36.0/networking.k8s.io.v1.IPAddress.pb due to UnicodeDecodeError
Warning: Skipping file /repo/staging/src/k8s.io/api/testdata/v1.36.0/networking.k8s.io.v1.Ingress.pb due to UnicodeDecodeError
Warning: Skipping file /repo/staging/src/k8s.io/api/testdata/v1.36.0/networking.k8s.io.v1.IngressClass.pb due to UnicodeDecodeError
Warning: Skipping file /repo/staging/src/k8s.io/api/testdata/v1.36.0/networking.k8s.io.v1.NetworkPolicy.pb due to UnicodeDecodeError
Warning: Skipping file /repo/staging/src/k8s.io/api/testdata/v1.36.0/networking.k8s.io.v1.ServiceCIDR.pb due to UnicodeDecodeError
Warning: Skipping file /repo/staging/src/k8s.io/api/testdata/v1.36.0/networking.k8s.io.v1beta1.IPAddress.pb due to UnicodeDecodeError
Warning: Skipping file /repo/staging/src/k8s.io/api/testdata/v1.36.0/networking.k8s.io.v1beta1.Ingress.pb due to UnicodeDecodeError
Warning: Skipping file /repo/staging/src/k8s.io/api/testdata/v1.36.0/networking.k8s.io.v1beta1.IngressClass.pb due to UnicodeDecodeError
Warning: Skipping file /repo/staging/src/k8s.io/api/testdata/v1.36.0/networking.k8s.io.v1beta1.ServiceCIDR.pb due to UnicodeDecodeError
Warning: Skipping file /repo/staging/src/k8s.io/api/testdata/v1.36.0/node.k8s.io.v1.RuntimeClass.pb due to UnicodeDecodeError
Warning: Skipping file /repo/staging/src/k8s.io/api/testdata/v1.36.0/node.k8s.io.v1alpha1.RuntimeClass.pb due to UnicodeDecodeError
Warning: Skipping file /repo/staging/src/k8s.io/api/testdata/v1.36.0/node.k8s.io.v1beta1.RuntimeClass.pb due to UnicodeDecodeError
Warning: Skipping file /repo/staging/src/k8s.io/api/testdata/v1.36.0/policy.v1.Eviction.pb due to UnicodeDecodeError
Warning: Skipping file /repo/staging/src/k8s.io/api/testdata/v1.36.0/policy.v1.PodDisruptionBudget.pb due to UnicodeDecodeError
Warning: Skipping file /repo/staging/src/k8s.io/api/testdata/v1.36.0/policy.v1beta1.Eviction.pb due to UnicodeDecodeError
Warning: Skipping file /repo/staging/src/k8s.io/api/testdata/v1.36.0/policy.v1beta1.PodDisruptionBudget.pb due to UnicodeDecodeError
Warning: Skipping file /repo/staging/src/k8s.io/api/testdata/v1.36.0/rbac.authorization.k8s.io.v1.ClusterRole.pb due to UnicodeDecodeError
Warning: Skipping file /repo/staging/src/k8s.io/api/testdata/v1.36.0/rbac.authorization.k8s.io.v1.ClusterRoleBinding.pb due to UnicodeDecodeError
Warning: Skipping file /repo/staging/src/k8s.io/api/testdata/v1.36.0/rbac.authorization.k8s.io.v1.Role.pb due to UnicodeDecodeError
Warning: Skipping file /repo/staging/src/k8s.io/api/testdata/v1.36.0/rbac.authorization.k8s.io.v1.RoleBinding.pb due to UnicodeDecodeError
Warning: Skipping file /repo/staging/src/k8s.io/api/testdata/v1.36.0/rbac.authorization.k8s.io.v1alpha1.ClusterRole.pb due to UnicodeDecodeError
Warning: Skipping file /repo/staging/src/k8s.io/api/testdata/v1.36.0/rbac.authorization.k8s.io.v1alpha1.ClusterRoleBinding.pb due to UnicodeDecodeError
Warning: Skipping file /repo/staging/src/k8s.io/api/testdata/v1.36.0/rbac.authorization.k8s.io.v1alpha1.Role.pb due to UnicodeDecodeError
Warning: Skipping file /repo/staging/src/k8s.io/api/testdata/v1.36.0/rbac.authorization.k8s.io.v1alpha1.RoleBinding.pb due to UnicodeDecodeError
Warning: Skipping file /repo/staging/src/k8s.io/api/testdata/v1.36.0/rbac.authorization.k8s.io.v1beta1.ClusterRole.pb due to UnicodeDecodeError
Warning: Skipping file /repo/staging/src/k8s.io/api/testdata/v1.36.0/rbac.authorization.k8s.io.v1beta1.ClusterRoleBinding.pb due to UnicodeDecodeError
Warning: Skipping file /repo/staging/src/k8s.io/api/testdata/v1.36.0/rbac.authorization.k8s.io.v1beta1.Role.pb due to UnicodeDecodeError
Warning: Skipping file /repo/staging/src/k8s.io/api/testdata/v1.36.0/rbac.authorization.k8s.io.v1beta1.RoleBinding.pb due to UnicodeDecodeError
Warning: Skipping file /repo/staging/src/k8s.io/api/testdata/v1.36.0/resource.k8s.io.v1.DeviceClass.pb due to UnicodeDecodeError
Warning: Skipping file /repo/staging/src/k8s.io/api/testdata/v1.36.0/resource.k8s.io.v1.ResourceClaim.pb due to UnicodeDecodeError
Warning: Skipping file /repo/staging/src/k8s.io/api/testdata/v1.36.0/resource.k8s.io.v1.ResourceClaimTemplate.pb due to UnicodeDecodeError
Warning: Skipping file /repo/staging/src/k8s.io/api/testdata/v1.36.0/resource.k8s.io.v1.ResourceSlice.after_roundtrip.pb due to UnicodeDecodeError
Warning: Skipping file /repo/staging/src/k8s.io/api/testdata/v1.36.0/resource.k8s.io.v1.ResourceSlice.pb due to UnicodeDecodeError
Warning: Skipping file /repo/staging/src/k8s.io/api/testdata/v1.36.0/resource.k8s.io.v1alpha3.DeviceTaintRule.pb due to UnicodeDecodeError
Warning: Skipping file /repo/staging/src/k8s.io/api/testdata/v1.36.0/resource.k8s.io.v1alpha3.ResourcePoolStatusRequest.pb due to UnicodeDecodeError
Warning: Skipping file /repo/staging/src/k8s.io/api/testdata/v1.36.0/resource.k8s.io.v1beta1.DeviceClass.pb due to UnicodeDecodeError
Warning: Skipping file /repo/staging/src/k8s.io/api/testdata/v1.36.0/resource.k8s.io.v1beta1.ResourceClaim.pb due to UnicodeDecodeError
Warning: Skipping file /repo/staging/src/k8s.io/api/testdata/v1.36.0/resource.k8s.io.v1beta1.ResourceClaimTemplate.pb due to UnicodeDecodeError
Warning: Skipping file /repo/staging/src/k8s.io/api/testdata/v1.36.0/resource.k8s.io.v1beta1.ResourceSlice.after_roundtrip.pb due to UnicodeDecodeError
Warning: Skipping file /repo/staging/src/k8s.io/api/testdata/v1.36.0/resource.k8s.io.v1beta1.ResourceSlice.pb due to UnicodeDecodeError
Warning: Skipping file /repo/staging/src/k8s.io/api/testdata/v1.36.0/resource.k8s.io.v1beta2.DeviceClass.pb due to UnicodeDecodeError
Warning: Skipping file /repo/staging/src/k8s.io/api/testdata/v1.36.0/resource.k8s.io.v1beta2.DeviceTaintRule.pb due to UnicodeDecodeError
Warning: Skipping file /repo/staging/src/k8s.io/api/testdata/v1.36.0/resource.k8s.io.v1beta2.ResourceClaim.pb due to UnicodeDecodeError
Warning: Skipping file /repo/staging/src/k8s.io/api/testdata/v1.36.0/resource.k8s.io.v1beta2.ResourceClaimTemplate.pb due to UnicodeDecodeError
Warning: Skipping file /repo/staging/src/k8s.io/api/testdata/v1.36.0/resource.k8s.io.v1beta2.ResourceSlice.after_roundtrip.pb due to UnicodeDecodeError
Warning: Skipping file /repo/staging/src/k8s.io/api/testdata/v1.36.0/resource.k8s.io.v1beta2.ResourceSlice.pb due to UnicodeDecodeError
Warning: Skipping file /repo/staging/src/k8s.io/api/testdata/v1.36.0/scheduling.k8s.io.v1.PriorityClass.pb due to UnicodeDecodeError
Warning: Skipping file /repo/staging/src/k8s.io/api/testdata/v1.36.0/scheduling.k8s.io.v1alpha2.PodGroup.pb due to UnicodeDecodeError
Warning: Skipping file /repo/staging/src/k8s.io/api/testdata/v1.36.0/scheduling.k8s.io.v1alpha2.Workload.pb due to UnicodeDecodeError
Warning: Skipping file /repo/staging/src/k8s.io/api/testdata/v1.36.0/scheduling.k8s.io.v1beta1.PriorityClass.pb due to UnicodeDecodeError
Warning: Skipping file /repo/staging/src/k8s.io/api/testdata/v1.36.0/storage.k8s.io.v1.CSIDriver.pb due to UnicodeDecodeError
Warning: Skipping file /repo/staging/src/k8s.io/api/testdata/v1.36.0/storage.k8s.io.v1.CSINode.after_roundtrip.pb due to UnicodeDecodeError
Warning: Skipping file /repo/staging/src/k8s.io/api/testdata/v1.36.0/storage.k8s.io.v1.CSINode.pb due to UnicodeDecodeError
Warning: Skipping file /repo/staging/src/k8s.io/api/testdata/v1.36.0/storage.k8s.io.v1.CSIStorageCapacity.pb due to UnicodeDecodeError
Warning: Skipping file /repo/staging/src/k8s.io/api/testdata/v1.36.0/storage.k8s.io.v1.StorageClass.pb due to UnicodeDecodeError
Warning: Skipping file /repo/staging/src/k8s.io/api/testdata/v1.36.0/storage.k8s.io.v1.VolumeAttachment.pb due to UnicodeDecodeError
Warning: Skipping file /repo/staging/src/k8s.io/api/testdata/v1.36.0/storage.k8s.io.v1.VolumeAttributesClass.pb due to UnicodeDecodeError
Warning: Skipping file /repo/staging/src/k8s.io/api/testdata/v1.36.0/storage.k8s.io.v1alpha1.CSIStorageCapacity.pb due to UnicodeDecodeError
Warning: Skipping file /repo/staging/src/k8s.io/api/testdata/v1.36.0/storage.k8s.io.v1alpha1.VolumeAttachment.pb due to UnicodeDecodeError
Warning: Skipping file /repo/staging/src/k8s.io/api/testdata/v1.36.0/storage.k8s.io.v1alpha1.VolumeAttributesClass.pb due to UnicodeDecodeError
Warning: Skipping file /repo/staging/src/k8s.io/api/testdata/v1.36.0/storage.k8s.io.v1beta1.CSIDriver.pb due to UnicodeDecodeError
Warning: Skipping file /repo/staging/src/k8s.io/api/testdata/v1.36.0/storage.k8s.io.v1beta1.CSINode.after_roundtrip.pb due to UnicodeDecodeError
Warning: Skipping file /repo/staging/src/k8s.io/api/testdata/v1.36.0/storage.k8s.io.v1beta1.CSINode.pb due to UnicodeDecodeError
Warning: Skipping file /repo/staging/src/k8s.io/api/testdata/v1.36.0/storage.k8s.io.v1beta1.CSIStorageCapacity.pb due to UnicodeDecodeError
Warning: Skipping file /repo/staging/src/k8s.io/api/testdata/v1.36.0/storage.k8s.io.v1beta1.StorageClass.pb due to UnicodeDecodeError
Warning: Skipping file /repo/staging/src/k8s.io/api/testdata/v1.36.0/storage.k8s.io.v1beta1.VolumeAttachment.pb due to UnicodeDecodeError
Warning: Skipping file /repo/staging/src/k8s.io/api/testdata/v1.36.0/storage.k8s.io.v1beta1.VolumeAttributesClass.pb due to UnicodeDecodeError
Warning: Skipping file /repo/staging/src/k8s.io/api/testdata/v1.36.0/storagemigration.k8s.io.v1beta1.StorageVersionMigration.pb due to UnicodeDecodeError
Warning: Skipping file /repo/staging/src/k8s.io/kubectl/images/kubectl-logo-full.png due to UnicodeDecodeError
Warning: Skipping file /repo/staging/src/k8s.io/kubectl/images/kubectl-logo-medium.png due to UnicodeDecodeError
Warning: Skipping file /repo/staging/src/k8s.io/kubectl/images/kubectl-logo-small.png due to UnicodeDecodeError
Warning: Skipping file /repo/staging/src/k8s.io/kubectl/pkg/util/i18n/translations/test/en_US/LC_MESSAGES/k8s.mo due to UnicodeDecodeError
Warning: Skipping file /repo/staging/src/k8s.io/kubectl/pkg/util/i18n/translations/test/default/LC_MESSAGES/k8s.mo due to UnicodeDecodeError
Warning: Skipping file /repo/staging/src/k8s.io/kubectl/pkg/util/i18n/translations/kubectl/en_US/LC_MESSAGES/k8s.mo due to UnicodeDecodeError
Warning: Skipping file /repo/staging/src/k8s.io/kubectl/pkg/util/i18n/translations/kubectl/pt_BR/LC_MESSAGES/k8s.mo due to UnicodeDecodeError
Warning: Skipping file /repo/staging/src/k8s.io/kubectl/pkg/util/i18n/translations/kubectl/ko_KR/LC_MESSAGES/k8s.mo due to UnicodeDecodeError
Warning: Skipping file /repo/staging/src/k8s.io/kubectl/pkg/util/i18n/translations/kubectl/it_IT/LC_MESSAGES/k8s.mo due to UnicodeDecodeError
Warning: Skipping file /repo/staging/src/k8s.io/kubectl/pkg/util/i18n/translations/kubectl/zh_TW/LC_MESSAGES/k8s.mo due to UnicodeDecodeError
Warning: Skipping file /repo/staging/src/k8s.io/kubectl/pkg/util/i18n/translations/kubectl/default/LC_MESSAGES/k8s.mo due to UnicodeDecodeError
Warning: Skipping file /repo/staging/src/k8s.io/kubectl/pkg/util/i18n/translations/kubectl/ja_JP/LC_MESSAGES/k8s.mo due to UnicodeDecodeError
Warning: Skipping file /repo/staging/src/k8s.io/kubectl/pkg/util/i18n/translations/kubectl/zh_CN/LC_MESSAGES/k8s.mo due to UnicodeDecodeError
Warning: Skipping file /repo/staging/src/k8s.io/kubectl/pkg/util/i18n/translations/kubectl/fr_FR/LC_MESSAGES/k8s.mo due to UnicodeDecodeError
Warning: Skipping file /repo/staging/src/k8s.io/kubectl/pkg/util/i18n/translations/kubectl/de_DE/LC_MESSAGES/k8s.mo due to UnicodeDecodeError
Warning: Skipping file /repo/test/images/nautilus/html/nautilus.jpg due to UnicodeDecodeError
Warning: Skipping file /repo/test/images/volume/iscsi/block.tar.gz due to UnicodeDecodeError
Warning: Skipping file /repo/test/images/kitten/html/kitten.jpg due to UnicodeDecodeError
Warning: Skipping file /repo/logo/logo.pdf due to UnicodeDecodeError
Warning: Skipping file /repo/logo/logo.png due to UnicodeDecodeError
Warning: Skipping file /repo/logo/logo_with_border.pdf due to UnicodeDecodeError
Warning: Skipping file /repo/logo/logo_with_border.png due to UnicodeDecodeError
Warning: Skipping file /repo/logo/name_blue.pdf due to UnicodeDecodeError
Warning: Skipping file /repo/logo/name_blue.png due to UnicodeDecodeError
Warning: Skipping file /repo/logo/name_white.pdf due to UnicodeDecodeError
Warning: Skipping file /repo/logo/name_white.png due to UnicodeDecodeError
Warning: Skipping file /repo/vendor/google.golang.org/protobuf/internal/editiondefaults/editions_defaults.binpb due to UnicodeDecodeError
Warning: Skipping file /repo/vendor/sigs.k8s.io/kustomize/kyaml/openapi/kubernetesapi/v1_21_2/swagger.pb due to UnicodeDecodeError
       -> /Users/pp123/Desktop/proj/sync/multi-tool/artifacts/k8s-kubernetes/files-to-prompt/
==> Cloning os-nova (shallow)
==> [os-nova] tokei
       -> /Users/pp123/Desktop/proj/sync/multi-tool/artifacts/os-nova/tokei/
==> [os-nova] scc
       -> /Users/pp123/Desktop/proj/sync/multi-tool/artifacts/os-nova/scc/
==> [os-nova] repomix
       -> /Users/pp123/Desktop/proj/sync/multi-tool/artifacts/os-nova/repomix/
==> [os-nova] gitingest
       -> /Users/pp123/Desktop/proj/sync/multi-tool/artifacts/os-nova/gitingest/
==> [os-nova] files-to-prompt
Warning: Skipping file /repo/nova/tests/unit/image/abs.tar.gz due to UnicodeDecodeError
Warning: Skipping file /repo/nova/tests/unit/image/rel.tar.gz due to UnicodeDecodeError
Warning: Skipping file /repo/doc/source/install/figures/hwreqs.graffle due to UnicodeDecodeError
Warning: Skipping file /repo/doc/source/install/figures/hwreqs.png due to UnicodeDecodeError
Warning: Skipping file /repo/doc/source/install/figures/network1-services.graffle due to UnicodeDecodeError
Warning: Skipping file /repo/doc/source/install/figures/network1-services.png due to UnicodeDecodeError
Warning: Skipping file /repo/doc/source/install/figures/network2-services.graffle due to UnicodeDecodeError
Warning: Skipping file /repo/doc/source/install/figures/network2-services.png due to UnicodeDecodeError
Warning: Skipping file /repo/doc/source/admin/figures/SCH_5007_V00_NUAC-multi_nic_OpenStack-Flat-DHCP-manager.jpg due to UnicodeDecodeError
Warning: Skipping file /repo/doc/source/admin/figures/SCH_5007_V00_NUAC-multi_nic_OpenStack-Flat-manager.jpg due to UnicodeDecodeError
Warning: Skipping file /repo/doc/source/admin/figures/SCH_5007_V00_NUAC-multi_nic_OpenStack-VLAN-manager.jpg due to UnicodeDecodeError
Warning: Skipping file /repo/doc/source/admin/figures/SCH_5007_V00_NUAC-multi_nic_OpenStack.vsd due to UnicodeDecodeError
Warning: Skipping file /repo/doc/source/admin/figures/SCH_5009_V00_NUAC-VNC_OpenStack.png due to UnicodeDecodeError
Warning: Skipping file /repo/doc/source/admin/figures/SCH_5009_V00_NUAC-VNC_OpenStack.vsd due to UnicodeDecodeError
Warning: Skipping file /repo/doc/source/_static/images/architecture.dia due to UnicodeDecodeError
Warning: Skipping file /repo/doc/source/_static/images/evolution-of-api.png due to UnicodeDecodeError
Warning: Skipping file /repo/doc/source/_static/images/filtering-workflow-1.png due to UnicodeDecodeError
Warning: Skipping file /repo/doc/source/_static/images/filtering-workflow-2.png due to UnicodeDecodeError
Warning: Skipping file /repo/doc/source/_static/images/nova-weighting-hosts.png due to UnicodeDecodeError
Warning: Skipping file /repo/doc/source/_static/images/rpc-arch.png due to UnicodeDecodeError
Warning: Skipping file /repo/doc/source/_static/images/rpc-flow-1.png due to UnicodeDecodeError
Warning: Skipping file /repo/doc/source/_static/images/rpc-flow-2.png due to UnicodeDecodeError
Warning: Skipping file /repo/doc/source/_static/images/rpc-rabt.png due to UnicodeDecodeError
Warning: Skipping file /repo/doc/source/_static/images/rpc-state.png due to UnicodeDecodeError
Warning: Skipping file /repo/doc/source/_static/images/vmware-nova-driver-architecture.jpg due to UnicodeDecodeError
Warning: Skipping file /repo/doc/source/_static/images/xenserver_architecture.png due to UnicodeDecodeError
       -> /Users/pp123/Desktop/proj/sync/multi-tool/artifacts/os-nova/files-to-prompt/
==> Cloning os-neutron (shallow)
==> [os-neutron] tokei
       -> /Users/pp123/Desktop/proj/sync/multi-tool/artifacts/os-neutron/tokei/
==> [os-neutron] scc
       -> /Users/pp123/Desktop/proj/sync/multi-tool/artifacts/os-neutron/scc/
==> [os-neutron] repomix
       -> /Users/pp123/Desktop/proj/sync/multi-tool/artifacts/os-neutron/repomix/
==> [os-neutron] gitingest
       -> /Users/pp123/Desktop/proj/sync/multi-tool/artifacts/os-neutron/gitingest/
==> [os-neutron] files-to-prompt
Warning: Skipping file /repo/doc/source/install/ovn/figures/ovn-initial-resources.png due to UnicodeDecodeError
Warning: Skipping file /repo/doc/source/install/figures/hwreqs.graffle due to UnicodeDecodeError
Warning: Skipping file /repo/doc/source/install/figures/hwreqs.png due to UnicodeDecodeError
Warning: Skipping file /repo/doc/source/install/figures/network1-services.graffle due to UnicodeDecodeError
Warning: Skipping file /repo/doc/source/install/figures/network1-services.png due to UnicodeDecodeError
Warning: Skipping file /repo/doc/source/install/figures/network2-services.graffle due to UnicodeDecodeError
Warning: Skipping file /repo/doc/source/install/figures/network2-services.png due to UnicodeDecodeError
Warning: Skipping file /repo/doc/source/install/figures/networklayout.graffle due to UnicodeDecodeError
Warning: Skipping file /repo/doc/source/install/figures/networklayout.png due to UnicodeDecodeError
Warning: Skipping file /repo/doc/source/admin/ovn/refarch/figures/ovn-architecture1.png due to UnicodeDecodeError
Warning: Skipping file /repo/doc/source/admin/ovn/refarch/figures/ovn-compute1.png due to UnicodeDecodeError
Warning: Skipping file /repo/doc/source/admin/ovn/refarch/figures/ovn-hw.png due to UnicodeDecodeError
Warning: Skipping file /repo/doc/source/admin/ovn/refarch/figures/ovn-services.png due to UnicodeDecodeError
Warning: Skipping file /repo/doc/source/admin/ovn/figures/ovn-east-west-2.png due to UnicodeDecodeError
Warning: Skipping file /repo/doc/source/admin/ovn/figures/ovn-east-west-3.png due to UnicodeDecodeError
Warning: Skipping file /repo/doc/source/admin/ovn/figures/ovn-east-west.png due to UnicodeDecodeError
Warning: Skipping file /repo/doc/source/admin/ovn/figures/ovn-l3ha-bfd-3gw.png due to UnicodeDecodeError
Warning: Skipping file /repo/doc/source/admin/ovn/figures/ovn-l3ha-bfd-failover.png due to UnicodeDecodeError
Warning: Skipping file /repo/doc/source/admin/ovn/figures/ovn-l3ha-bfd.png due to UnicodeDecodeError
Warning: Skipping file /repo/doc/source/admin/ovn/figures/ovn-north-south-distributed-fip.png due to UnicodeDecodeError
Warning: Skipping file /repo/doc/source/admin/ovn/figures/ovn-north-south.png due to UnicodeDecodeError
Warning: Skipping file /repo/doc/source/admin/figures/NetworkTypes.png due to UnicodeDecodeError
Warning: Skipping file /repo/doc/source/admin/figures/bgp-dynamic-routing-example1.graffle due to UnicodeDecodeError
Warning: Skipping file /repo/doc/source/admin/figures/bgp-dynamic-routing-example1.png due to UnicodeDecodeError
Warning: Skipping file /repo/doc/source/admin/figures/bgp-dynamic-routing-example2.graffle due to UnicodeDecodeError
Warning: Skipping file /repo/doc/source/admin/figures/bgp-dynamic-routing-example2.png due to UnicodeDecodeError
Warning: Skipping file /repo/doc/source/admin/figures/bgp-dynamic-routing-overview.graffle due to UnicodeDecodeError
Warning: Skipping file /repo/doc/source/admin/figures/bgp-dynamic-routing-overview.png due to UnicodeDecodeError
Warning: Skipping file /repo/doc/source/admin/figures/bgp-floating-ip-over-l2-segmented-network.png due to UnicodeDecodeError
Warning: Skipping file /repo/doc/source/admin/figures/config-macvtap-compute1.png due to UnicodeDecodeError
Warning: Skipping file /repo/doc/source/admin/figures/config-macvtap-compute2.png due to UnicodeDecodeError
Warning: Skipping file /repo/doc/source/admin/figures/demo_multiple_dhcp_agents.png due to UnicodeDecodeError
Warning: Skipping file /repo/doc/source/admin/figures/deploy-ovs-ha-dvr-compconn1.graffle due to UnicodeDecodeError
Warning: Skipping file /repo/doc/source/admin/figures/deploy-ovs-ha-dvr-compconn1.png due to UnicodeDecodeError
Warning: Skipping file /repo/doc/source/admin/figures/deploy-ovs-ha-dvr-flowew1.graffle due to UnicodeDecodeError
Warning: Skipping file /repo/doc/source/admin/figures/deploy-ovs-ha-dvr-flowew1.png due to UnicodeDecodeError
Warning: Skipping file /repo/doc/source/admin/figures/deploy-ovs-ha-dvr-flowns1.graffle due to UnicodeDecodeError
Warning: Skipping file /repo/doc/source/admin/figures/deploy-ovs-ha-dvr-flowns1.png due to UnicodeDecodeError
Warning: Skipping file /repo/doc/source/admin/figures/deploy-ovs-ha-dvr-flowns2.graffle due to UnicodeDecodeError
Warning: Skipping file /repo/doc/source/admin/figures/deploy-ovs-ha-dvr-flowns2.png due to UnicodeDecodeError
Warning: Skipping file /repo/doc/source/admin/figures/deploy-ovs-ha-dvr-overview.graffle due to UnicodeDecodeError
Warning: Skipping file /repo/doc/source/admin/figures/deploy-ovs-ha-dvr-overview.png due to UnicodeDecodeError
Warning: Skipping file /repo/doc/source/admin/figures/deploy-ovs-ha-vrrp-compconn1.graffle due to UnicodeDecodeError
Warning: Skipping file /repo/doc/source/admin/figures/deploy-ovs-ha-vrrp-compconn1.png due to UnicodeDecodeError
Warning: Skipping file /repo/doc/source/admin/figures/deploy-ovs-ha-vrrp-overview.graffle due to UnicodeDecodeError
Warning: Skipping file /repo/doc/source/admin/figures/deploy-ovs-ha-vrrp-overview.png due to UnicodeDecodeError
Warning: Skipping file /repo/doc/source/admin/figures/deploy-ovs-provider-compconn1.graffle due to UnicodeDecodeError
Warning: Skipping file /repo/doc/source/admin/figures/deploy-ovs-provider-compconn1.png due to UnicodeDecodeError
Warning: Skipping file /repo/doc/source/admin/figures/deploy-ovs-provider-compconn2.graffle due to UnicodeDecodeError
Warning: Skipping file /repo/doc/source/admin/figures/deploy-ovs-provider-compconn2.png due to UnicodeDecodeError
Warning: Skipping file /repo/doc/source/admin/figures/deploy-ovs-provider-flowew1.graffle due to UnicodeDecodeError
Warning: Skipping file /repo/doc/source/admin/figures/deploy-ovs-provider-flowew1.png due to UnicodeDecodeError
Warning: Skipping file /repo/doc/source/admin/figures/deploy-ovs-provider-flowew2.graffle due to UnicodeDecodeError
Warning: Skipping file /repo/doc/source/admin/figures/deploy-ovs-provider-flowew2.png due to UnicodeDecodeError
Warning: Skipping file /repo/doc/source/admin/figures/deploy-ovs-provider-flowns1.graffle due to UnicodeDecodeError
Warning: Skipping file /repo/doc/source/admin/figures/deploy-ovs-provider-flowns1.png due to UnicodeDecodeError
Warning: Skipping file /repo/doc/source/admin/figures/deploy-ovs-provider-overview.graffle due to UnicodeDecodeError
Warning: Skipping file /repo/doc/source/admin/figures/deploy-ovs-provider-overview.png due to UnicodeDecodeError
Warning: Skipping file /repo/doc/source/admin/figures/deploy-ovs-selfservice-compconn1.graffle due to UnicodeDecodeError
Warning: Skipping file /repo/doc/source/admin/figures/deploy-ovs-selfservice-compconn1.png due to UnicodeDecodeError
Warning: Skipping file /repo/doc/source/admin/figures/deploy-ovs-selfservice-flowew1.graffle due to UnicodeDecodeError
Warning: Skipping file /repo/doc/source/admin/figures/deploy-ovs-selfservice-flowew1.png due to UnicodeDecodeError
Warning: Skipping file /repo/doc/source/admin/figures/deploy-ovs-selfservice-flowew2.graffle due to UnicodeDecodeError
Warning: Skipping file /repo/doc/source/admin/figures/deploy-ovs-selfservice-flowew2.png due to UnicodeDecodeError
Warning: Skipping file /repo/doc/source/admin/figures/deploy-ovs-selfservice-flowns1.graffle due to UnicodeDecodeError
Warning: Skipping file /repo/doc/source/admin/figures/deploy-ovs-selfservice-flowns1.png due to UnicodeDecodeError
Warning: Skipping file /repo/doc/source/admin/figures/deploy-ovs-selfservice-flowns2.graffle due to UnicodeDecodeError
Warning: Skipping file /repo/doc/source/admin/figures/deploy-ovs-selfservice-flowns2.png due to UnicodeDecodeError
Warning: Skipping file /repo/doc/source/admin/figures/deploy-ovs-selfservice-overview.graffle due to UnicodeDecodeError
Warning: Skipping file /repo/doc/source/admin/figures/deploy-ovs-selfservice-overview.png due to UnicodeDecodeError
Warning: Skipping file /repo/doc/source/admin/figures/lbaasv2-diagram.png due to UnicodeDecodeError
Warning: Skipping file /repo/doc/source/admin/figures/logging-framework.png due to UnicodeDecodeError
Warning: Skipping file /repo/doc/source/admin/figures/port-chain-architecture-diagram.png due to UnicodeDecodeError
Warning: Skipping file /repo/doc/source/admin/figures/port-chain-diagram.png due to UnicodeDecodeError
Warning: Skipping file /repo/doc/source/admin/figures/scenario-classic-mt-flowew1.png due to UnicodeDecodeError
Warning: Skipping file /repo/doc/source/admin/figures/scenario-classic-mt-flowew2.png due to UnicodeDecodeError
Warning: Skipping file /repo/doc/source/admin/figures/scenario-classic-mt-flowns1.png due to UnicodeDecodeError
Warning: Skipping file /repo/doc/source/admin/figures/scenario-classic-mt-networks.png due to UnicodeDecodeError
Warning: Skipping file /repo/doc/source/admin/figures/scenario-classic-mt-services.png due to UnicodeDecodeError
Warning: Skipping file /repo/doc/source/admin/figures/scenario-classic-mt.png due to UnicodeDecodeError
Warning: Skipping file /repo/doc/source/admin/figures/secgrouprule-to-acl.png due to UnicodeDecodeError
Warning: Skipping file /repo/doc/source/contributor/testing/images/fullstack_multinode_simulation.png due to UnicodeDecodeError
Warning: Skipping file /repo/doc/source/contributor/internals/ovn/figures/ovn-pvlan.png due to UnicodeDecodeError
Warning: Skipping file /repo/doc/source/contributor/internals/images/live-mig-ovs-hybrid.png due to UnicodeDecodeError
Warning: Skipping file /repo/doc/source/contributor/internals/images/live-mig.png due to UnicodeDecodeError
Warning: Skipping file /repo/doc/source/contributor/internals/images/under-the-hood-scenario-1-ovs-compute.png due to UnicodeDecodeError
Warning: Skipping file /repo/doc/source/contributor/internals/images/under-the-hood-scenario-1-ovs-netns.png due to UnicodeDecodeError
Warning: Skipping file /repo/doc/source/contributor/internals/images/under-the-hood-scenario-1-ovs-network.png due to UnicodeDecodeError
Warning: Skipping file /repo/doc/source/contributor/figures/neutron-metadata-dhcp-agent.png due to UnicodeDecodeError
Warning: Skipping file /repo/doc/source/contributor/figures/neutron-metadata-l3-agent.png due to UnicodeDecodeError
       -> /Users/pp123/Desktop/proj/sync/multi-tool/artifacts/os-neutron/files-to-prompt/
==> [py-flask] tokei already has output, skipping (-f to force)
==> [py-flask] scc already has output, skipping (-f to force)
==> [py-flask] repomix already has output, skipping (-f to force)
==> [py-flask] gitingest already has output, skipping (-f to force)
==> [py-flask] files-to-prompt already has output, skipping (-f to force)
==> Cloning glance (shallow)
==> [glance] tokei
       -> /Users/pp123/Desktop/proj/sync/multi-tool/artifacts/glance/tokei/
==> [glance] scc
       -> /Users/pp123/Desktop/proj/sync/multi-tool/artifacts/glance/scc/
==> [glance] repomix
       -> /Users/pp123/Desktop/proj/sync/multi-tool/artifacts/glance/repomix/
==> [glance] gitingest
       -> /Users/pp123/Desktop/proj/sync/multi-tool/artifacts/glance/gitingest/
==> [glance] files-to-prompt
Warning: Skipping file /repo/doc/source/images/architecture.png due to UnicodeDecodeError
Warning: Skipping file /repo/doc/source/images/glance_db.png due to UnicodeDecodeError
Warning: Skipping file /repo/doc/source/images/glance_layers.png due to UnicodeDecodeError
Warning: Skipping file /repo/doc/source/images/image_status_transition.png due to UnicodeDecodeError
Warning: Skipping file /repo/doc/source/images/instance-life-1.png due to UnicodeDecodeError
Warning: Skipping file /repo/doc/source/images/instance-life-2.png due to UnicodeDecodeError
Warning: Skipping file /repo/doc/source/images/instance-life-3.png due to UnicodeDecodeError
Warning: Skipping file /repo/glance/tests/var/testserver-no-disk.ova due to UnicodeDecodeError
Warning: Skipping file /repo/glance/tests/var/testserver-no-ovf.ova due to UnicodeDecodeError
Warning: Skipping file /repo/glance/tests/var/testserver-not-tar.ova due to UnicodeDecodeError
Warning: Skipping file /repo/glance/tests/var/testserver.ova due to UnicodeDecodeError
       -> /Users/pp123/Desktop/proj/sync/multi-tool/artifacts/glance/files-to-prompt/
==> Done. Artifacts in /Users/pp123/Desktop/proj/sync/multi-tool/artifacts
==> Cleaning up temp clones
